Workbook

Sheet peakflow_q1_2025_dirty
A1: DealID | B1: Date | C1: CustomerName | D1: CategoryName | E1: SalesRep | F1: Manager | G1: Region | H1: Units | I1: UnitPrice | J1: Revenue
A2: D-1088 | B2: 45658 | C2: Helix Systems | D2: Starter Plan | E2: Nina Petrov | F2: Lukas Becker | G2: North America | H2: 2 | I2: 44.27 | J2: 88.54
A3: D-1108 | B3: 45658 | C3: Meridian Group | D3: Pro Plan | E3: Tom Wilson | F3: Lukas Becker | G3: North America | H3: 10 | I3: 224.49 | J3: 125889
A4: D-1230 | B4: 45658 | C4: Fusion Group | D4: Pro Plan | E4: Marcus Johnson | F4: Sarah Chen | G4: LATAM | H4: 2 | I4: 248.58 | J4: $497.16
A5: D-1035 | B5: 45659 | C5: Nova Inc | D5: Add-on: Support | E5: Elena Rossi | F5: Lukas Becker | G5: EMEA | H5: 1 | I5: 112.19 | J5: 112.19
A6: D-1152 | B6: 45659 | C6: Catalyst Inc | D6: Starter Plan | E6: Elena Rossi | F6: Lukas Becker | G6: North America | H6: 1 | I6: 73.94 | J6: 73.94
A7: D-1202 | B7: 45659 | C7: Nimbus Co | D7: Business Plan | E7: James Park | F7: Owen Walsh | G7: North America | H7: 5 | I7: 369.19 | J7: 1845.95
A8: D-1249 | B8: 45659 | C8: Summit Group | D8: Enterprise Plan | E8: Elena Rossi | F8: Lukas Becker | G8: North America | H8: 1 | I8: 1198.59 | J8: 1198.59
A9: D-1054 | B9: 45661 | C9: Northwind Co | D9: Enterprise Plan | E9: David Kim | F9: Sarah Chen | G9: EMEA | H9: 2 | I9: 1182.78 | J9: 2365.56
A10: D-1102 | B10: 45661 | C10: Lumen Labs | D10: Starter Plan | E10: Carlos Mendez | F10: Maya Rodriguez | G10: EMEA | H10: 1 | I10: 68.06 | J10: 68.06
A11: D-1115 | B11: 45661 | C11: Kestrel Co | D11: Add-on: Support | E11: Tom Wilson | F11: Lukas Becker | G11: APAC | H11: 2 | I11: 118.97 | J11: 237.94
A12: D-1138 | B12: 45661 | C12: Nova Inc | D12: Starter Plan | E12: Marcus Johnson | F12: Sarah Chen | G12: LATAM | H12: 5 | I12: 53.28 | J12: 266.4
A13: D-1231 | B13: 45661 | C13: Borealis Co | D13: Enterprise Plan | E13: Marcus Johnson | F13: Sarah Chen | G13: EMEA | H13: 1 | I13: 992.76 | J13: 992.76
A14: D-1008 | B14: 45662 | C14: Phoenix Co | D14: Pro Plan | E14: Tom Wilson | F14: Lukas Becker | G14: latam | H14: 20 | I14: 249.04 | J14: 1125162
A15: D-1071 | B15: 45662 | C15: Apex Group | D15: Business Plan | E15: David Kim | F15: Sarah Chen | G15: APAC | H15: 1 | I15: 386.52 | J15: 386.52
A16: D-1105 | B16: 45662 | C16: Kestrel Co | D16: Pro Plan | E16: Elena Rossi | F16: Lukas Becker | G16: North America | H16: 1 | I16: 226.12 | J16: $226.12
A17: D-1110 | B17: 45662 | C17: Rivet Co | D17: Starter Plan | E17: James Park | F17: Owen Walsh | G17: latam | H17: 1 | I17: 73.28 | J17: 73.28
A18: D-1112 | B18: 45662 | C18: Borealis Co | D18: Starter Plan | E18: Hannah Lee | F18: Owen Walsh | G18: EMEA | H18: 5 | I18: 45.99 | J18: $229.95
A19: D-1132 | B19: 45662 | C19: Quanta Labs | D19: Starter Plan | E19: Hannah Lee | F19: Owen Walsh | G19: APAC | H19: 50 | I19: 70.68 | J19: $3,534.00
A20: D-1150 | B20: 45662 | C20: Nimbus Co | D20: Pro Plan | E20: James Park | F20: Owen Walsh | G20: EMEA | H20: 20 | I20: 192.21 | J20: 710064
A21: D-1194 | B21: 45662 | C21: Onyx Group | D21: Pro Plan | E21: Sophie Laurent | F21: Maya Rodriguez | G21: North America | H21: 2 | I21: 193.5 | J21: $387.00
A22: D-1091 | B22: 45663 | C22: Fusion Group | D22: Starter Plan | E22: Marcus Johnson | F22: Sarah Chen | G22: APAC | H22: 1 | I22: 53.39 | J22: $53.39
A23: D-1092 | B23: 45663 | C23: Summit Group | D23: Pro Plan | E23: Carlos Mendez | F23: Maya Rodriguez | G23: APAC | H23: 1 | I23: 202.22 | J23: 202.22
A24: D-1211 | B24: 45663 | C24: Apex Group | D24: Add-on: Analytics | E24: James Park | F24: Owen Walsh | G24: LATAM | H24: 5 | I24: 69.69 | J24: $348.45
A25: D-1063 | B25: 45664 | C25: Granite Co | D25: Add-on: Support | E25: Marcus Johnson | F25: Sarah Chen | G25: North America | H25: 1 | I25: 93.27 | J25: 93.27
A26: D-1206 | B26: 45664 | C26: Stellar Co | D26: Add-on: Analytics | E26: Elena Rossi | F26: Lukas Becker | G26: APAC | H26: 5 | I26: 74.69 | J26: 373.45
A27: D-1123 | B27: 45665 | C27: Nimbus Co | D27: Add-on: Support | E27: Tom Wilson | F27: Lukas Becker | G27: latam | H27: 1 | I27: 92.92 | J27: 92.92
A28: D-1121 | B28: 45666 | C28: Nova Inc | D28: Enterprise Plan | E28: Priya Patel | F28: Maya Rodriguez | G28: APAC | H28: 1 | I28: 1388.69 | J28: $1,388.69
A29: D-1029 | B29: 45667 | C29: Cascade Group | D29: Starter Plan | E29: Sophie Laurent | F29: Maya Rodriguez | G29: APAC | H29: 50 | I29: 72.26 | J29: 3613.0
A30: D-1141 | B30: 45667 | C30: Nova Inc | D30: Enterprise Plan | E30: Elena Rossi | F30: Lukas Becker | G30: APAC | H30: 1 | I30: 1234.13 | J30: $1234.13
A31: D-1155 | B31: 45667 | C31: Juniper Group | D31: Pro Plan | E31: Nina Petrov | F31: Lukas Becker | G31: North America | H31: 1 | I31: 219.47 | J31: 219.47
A32: D-1209 | B32: 45667 | C32: Lattice Co | D32: Pro Plan | E32: Elena Rossi | F32: Lukas Becker | G32: North America | H32: 1 | I32: 276.18 | J32: $276.18
... A42: D-1220 | B42: 45669 | C42: Echo Labs | D42: Add-on: Analytics | E42: Marcus Johnson | F42: Sarah Chen | G42: North America | H42: 1 | I42: 92.43 | J42: 92.43
A43: D-1058 | B43: 45670 | C43: Nimbus Co | D43: Business Plan | E43: Marcus Johnson | F43: Sarah Chen | G43: APAC | H43: 5 | I43: 422.7 | J43: 77919
A44: D-1229 | B44: 45670 | C44: Arcadia Inc | D44: Business Plan | E44: David Kim | F44: Sarah Chen | G44: EMEA | H44: 2 | I44: 409.02 | J44: 818.04
A45: D-1245 | B45: 45670 | C45: Quill Labs | D45: Pro Plan | E45: Priya Patel | F45: Maya Rodriguez | G45: North America | H45: 5 | I45: 177.21 | J45: $886.05
A46: D-1075 | B46: 45671 | C46: Beacon Labs | D46: Pro Plan | E46: Carlos Mendez | F46: Maya Rodriguez | G46: APAC | H46: 5 | I46: 230.19 | J46: $1,150.95
A47: D-1079 | B47: 45671 | C47: Onyx Group | D47: Starter Plan | E47: Nina Petrov | F47: Lukas Becker | G47: North America | H47: 1 | I47: 66.71 | J47: 66.71
A48: D-1169 | B48: 45671 | C48: Quartz Co | D48: Business Plan | E48: David Kim | F48: Sarah Chen | G48: EMEA | H48: 1 | I48: 426.07 | J48: $426.07
A49: D-1234 | B49: 45671 | C49: Pacific Co | D49: Pro Plan | E49: Priya Patel | F49: Maya Rodriguez | G49: North America | H49: 2 | I49: 233.74 | J49: $467.48
A50: D-1198 | B50: 45672 | C50: Juniper Group | D50: Business Plan | E50: Aisha Hassan | F50: Sarah Chen | G50: emea | H50: 1 | I50: 420.94 | J50: 420.94
A51: D-TEST1 | B51: 45672 | C51: TEST | D51: Pro Plan | E51: Test Rep | F51: Test Manager | G51: TEST | H51: 1 | I51: 1.0 | J51: 1.00
A52: D-1011 | B52: 45674 | C52: Harbor Inc | D52: Business Plan | E52: James Park | F52: Owen Walsh | G52: North America | H52: 1 | I52: 410.61 | J52: 410.61
A53: D-1041 | B53: 45674 | C53: Nova Inc | D53: Business Plan | E53: Aisha Hassan | F53: Sarah Chen | G53: APAC | H53: 1 | I53: 451.68 | J53: $451.68
A54: D-1106 | B54: 45674 | C54: Vertex Inc | D54: Enterprise Plan | E54: Marcus Johnson | F54: Sarah Chen | G54: LATAM | H54: 20 | I54: 1180.76 | J54: 23615.2
A55: D-1109 | B55: 45674 | C55: Stellar Co | D55: Pro Plan | E55: Aisha Hassan | F55: Sarah Chen | G55: North America | H55: 50 | I55: 214.71 | J55: 10735.5
... A88: D-1224 | B88: 45683 | C88: Verdant Inc | D88: Pro Plan | E88: Carlos Mendez | F88: Maya Rodriguez | G88: APAC | H88: 1 | I88: 195.73 | J88: 195.73
A89: D-1093 | B89: 45684 | C89: Obsidian Co | D89: Business Plan | E89: Elena Rossi | F89: Lukas Becker | G89: APAC | H89: 20 | I89: 487.09 | J89: 2864081
A90: D-1003 | B90: 45685 | C90: Citadel Group | D90: Enterprise Plan | E90: Carlos Mendez | F90: Maya Rodriguez | G90: EMEA | H90: 10 | I90: 1330.75 | J90: 13307.5
A91: D-1107 | B91: 45685 | C91: Nova Inc | D91: Enterprise Plan | E91: Nina Petrov | F91: Lukas Becker | G91: APAC | H91: 50 | I91: 932.32 | J91: 46616.0
A92: D-1135 | B92: 45685 | C92: Northwind Co | D92: Business Plan | E92: David Kim | F92: Sarah Chen | G92: North America | H92: 1 | I92: 493.26 | J92: 493.26
A93: D-1131 | B93: 45686 | C93: Quill Labs | D93: Starter Plan | E93: Carlos Mendez | F93: Maya Rodriguez | G93: North America | H93: 5 | I93: 45.35 | J93: 226.75
A94: D-1142 | B94: 45686 | C94: Apex Group | D94: Business Plan | E94: Hannah Lee | F94: Owen Walsh | G94: North America | H94: 1 | I94: 479.31 | J94: 479.31
A95: D-1199 | B95: 45686 | C95: Meridian Group | D95: Starter Plan | E95: Carlos Mendez | F95: Maya Rodriguez | G95: EMEA | H95: 1 | I95: 49.17 | J95: 49.17
A96: D-1014 | B96: 45687 | C96: Obsidian Co | D96: Add-on: Support | E96: Carlos Mendez | F96: Maya Rodriguez | G96: emea | H96: 1 | I96: 114.94 | J96: $114.94
A97: D-1051 | B97: 45687 | C97: Orbit Co | D97: Enterprise Plan | E97: Elena Rossi | F97: Lukas Becker | G97: APAC | H97: 2 | I97: 1035.34 | J97: 2070.68
A98: D-1140 | B98: 45687 | C98: Solstice Group | D98: Add-on: Support | E98: Priya Patel | F98: Maya Rodriguez | G98: APAC | H98: 2 | I98: 122.21 | J98: $244.42
A99: D-1178 | B99: 45687 | C99: Verdant Inc | D99: Enterprise Plan | E99: Marcus Johnson | F99: Sarah Chen | G99: EMEA | H99: 20 | I99: 1004.37 | J99: 20087.4
A100: D-1146 | B100: 45688 | C100: Borealis Co | D100: Starter Plan | E100: Marcus Johnson | F100: Sarah Chen | G100: north america | H100: 2 | I100: 49.89 | J100: 99.78
A101: D-1059 | B101: 45689 | C101: Phoenix Co | D101: Add-on: Analytics | E101: Carlos Mendez | F101: Maya Rodriguez | G101: EMEA | H101: 1 | I101: 104.29 | J101: 104.29
... A109: D-1161 | B109: 45692 | C109: Harbor Inc | D109: Business Plan | E109: Hannah Lee | F109: Owen Walsh | G109: North America | H109: 5 | I109: 418.06 | J109: $2,090.30
A110: D-1210 | B110: 45692 | C110: Borealis Co | D110: Business Plan | E110: Aisha Hassan | F110: Sarah Chen | G110: LATAM | H110: 5 | I110: 431.34 | J110: 93686
A111: D-1101 | B111: 45693 | C111: Rivet Co | D111: Pro Plan | E111: Nina Petrov | F111: Lukas Becker | G111: EMEA | H111: 5 | I111: 193.4 | J111: $967.0
A112: D-1243 | B112: 45693 | C112: Nimbus Co | D112: Pro Plan | E112: Nina Petrov | F112: Lukas Becker | G112: North America | H112: 5 | I112: 249.29 | J112: $1,246.45
A113: D-1015 | B113: 45694 | C113: Citadel Group | D113: Starter Plan | E113: Raj Sharma | F113: Owen Walsh | G113: APAC | H113: 1 | I113: 42.9 | J113: 42.9
A114: D-1038 | B114: 45695 | C114: Quanta Labs | D114: Pro Plan | E114: Nina Petrov | F114: Lukas Becker | G114: NORTH AMERICA | H114: 1 | I114: 184.49 | J114: 184.49
A115: D-1232 | B115: 45695 | C115: Vertex Inc | D115: Starter Plan | E115: Priya Patel | F115: Maya Rodriguez | G115: APAC | H115: 1 | I115: 54.56 | J115: $54.56
A116: D-1232 | B116: 45695 | C116: Vertex Inc | D116: Starter Plan | E116: Priya Patel | F116: Maya Rodriguez | G116: APAC | H116: 1 | I116: 54.56 | J116: $54.56
A117: D-1103 | B117: 45696 | C117: Foundry Group | D117: Starter Plan | E117: Sophie Laurent | F117: Maya Rodriguez | G117: APAC | H117: 2 | I117: 45.13 | J117: $90.26
A118: D-1116 | B118: 45696 | C118: Cascade Group | D118: Starter Plan | E118: Elena Rossi | F118: Lukas Becker | G118: APAC | H118: 1 | I118: 74.46 | J118: 74.46
A119: D-1181 | B119: 45696 | C119: Summit Group | D119: Pro Plan | E119: Priya Patel | F119: Maya Rodriguez | G119: EMEA | H119: 1 | I119: 235.36 | J119: $235.36
A120: D-1207 | B120: 45696 | C120: Summit Group | D120: Pro Plan | E120: David Kim | F120: Sarah Chen | G120: NORTH AMERICA | H120: 20 | I120: 228.23 | J120: 973160
A121: D-1247 | B121: 45696 | C121: Borealis Co | D121: Add-on: Support | E121: Priya Patel | F121: Maya Rodriguez | G121: EMEA | H121: 20 | I121: 81.9 | J121: 1638.0
A122: D-1044 | B122: 45697 | C122: Arcadia Inc | D122: Enterprise Plan | E122: Aisha Hassan | F122: Sarah Chen | G122: APAC | H122: 10 | I122: 1118.07 | J122: $11180.7
A123: D-1213 | B123: 45697 | C123: Phoenix Co | D123: Business Plan | E123: Tom Wilson | F123: Lukas Becker | G123: LATAM | H123: 1 | I123: 440.61 | J123: 440.61
A124: D-1100 | B124: 45698 | C124: Northwind Co | D124: Pro Plan | E124: Marcus Johnson | F124: Sarah Chen | G124: North America | H124: 20 | I124: 205.16 | J124: 804662
A125: D-1129 | B125: 45698 | C125: Kinetic Labs | D125: Starter Plan | E125: Carlos Mendez | F125: Maya Rodriguez | G125: EMEA | H125: 1 | I125: 57.44 | J125: 57.44
A126: D-1191 | B126: 45699 | C126: Lumen Labs | D126: Add-on: Analytics | E126: Carlos Mendez | F126: Maya Rodriguez | G126: LATAM | H126: 1 | I126: 78.92 | J126: $78.92
A127: D-1205 | B127: 45699 | C127: Orbit Co | D127: Business Plan | E127: James Park | F127: Owen Walsh | G127: EMEA | H127: 2 | I127: 410.14 | J127: 820.28
A128: D-1050 | B128: 45700 | C128: Atlas Group | D128: Starter Plan | E128: Hannah Lee | F128: Owen Walsh | G128: North America | H128: 5 | I128: 52.69 | J128: 263.45
A129: D-1136 | B129: 45701 | C129: Verdant Inc | D129: Add-on: Analytics | E129: Hannah Lee | F129: Owen Walsh | G129: LATAM | H129: 10 | I129: 110.27 | J129: $1,102.70
A130: D-1099 | B130: 45703 | C130: Driftwood Co | D130: Pro Plan | E130: Sophie Laurent | F130: Maya Rodriguez | G130: LATAM | H130: 1 | I130: 287.77 | J130: $287.77
A131: D-1208 | B131: 45704 | C131: Iris Co | D131: Add-on: Analytics | E131: Sophie Laurent | F131: Maya Rodriguez | G131: North America | H131: 1 | I131: 104.56 | J131: 104.56
A132: D-1017 | B132: 45705 | C132: Nova Inc | D132: Enterprise Plan | E132: Priya Patel | F132: Maya Rodriguez | G132: LATAM | H132: 1 | I132: 1339.78 | J132: 1339.78
A133: D-1042 | B133: 45706 | C133: Helix Systems | D133: Starter Plan | E133: Raj Sharma | F133: Owen Walsh | G133: EMEA | H133: 1 | I133: 60.51 | J133: 60.51
A134: D-1045 | B134: 45706 | C134: Meridian Group | D134: Starter Plan | E134: Aisha Hassan | F134: Sarah Chen | G134: north america | H134: 5 | I134: 40.5 | J134: 202.5
A135: D-1195 | B135: 45706 | C135: Atlas Group | D135: Pro Plan | E135: Raj Sharma | F135: Owen Walsh | G135: North America | H135: 20 | I135: 288.1 | J135: 5762.0
A136: D-1203 | B136: 45706 | C136: Pacific Co | D136: Business Plan | E136: Marcus Johnson | F136: Sarah Chen | G136: EMEA | H136: 1 | I136: 415.25 | J136: 415.25
A137: D-1239 | B137: 45706 | C137: Vertex Inc | D137: Starter Plan | E137: James Park | F137: Owen Walsh | G137: APAC | H137: 2 | I137: 42.09 | J137: 84.18
A138: D-1154 | B138: 45707 | C138: Citadel Group | D138: Enterprise Plan | E138: Marcus Johnson | F138: Sarah Chen | G138: APAC | H138: 10 | I138: 987.06 | J138: 2911136
A139: D-1143 | B139: 45708 | C139: Lumen Labs | D139: Starter Plan | E139: Raj Sharma | F139: Owen Walsh | G139: EMEA | H139: 2 | I139: 72.12 | J139: $144.24
A140: D-1214 | B140: 45708 | C140: Pacific Co | D140: Add-on: Analytics | E140: Hannah Lee | F140: Owen Walsh | G140: LATAM | H140: 50 | I140: 62.85 | J140: 453753
A141: D-TEST2 | B141: 45708 | C141: QA Test | D141: Pro Plan | E141: QA User | F141: QA | G141: TEST | H141: 1 | I141: 1.0 | J141: 1.00
A142: D-1016 | B142: 45709 | C142: Driftwood Co | D142: Pro Plan | E142: Marcus Johnson | F142: Sarah Chen | G142: North America | H142: 2 | I142: 273.36 | J142: 546.72
A143: D-1031 | B143: 45709 | C143: Northwind Co | D143: Starter Plan | E143: Elena Rossi | F143: Lukas Becker | G143: APAC | H143: 50 | I143: 71.74 | J143: 3587.0
A144: D-1052 | B144: 45709 | C144: Cascade Group | D144: Business Plan | E144: Sophie Laurent | F144: Maya Rodriguez | G144: EMEA | H144: 10 | I144: 490.82 | J144: 1098682
A145: D-1087 | B145: 45709 | C145: Stellar Co | D145: Business Plan | E145: Marcus Johnson | F145: Sarah Chen | G145: emea | H145: 2 | I145: 400.66 | J145: 801.32
A146: D-1119 | B146: 45709 | C146: Stellar Co | D146: Pro Plan | E146: David Kim | F146: Sarah Chen | G146: EMEA | H146: 5 | I146: 157.24 | J146: 786.2
A147: D-1175 | B147: 45709 | C147: Granite Co | D147: Starter Plan | E147: Marcus Johnson | F147: Sarah Chen | G147: latam | H147: 1 | I147: 60.23 | J147: 60.23
A148: D-1242 | B148: 45709 | C148: Vertex Inc | D148: Starter Plan | E148: Marcus Johnson | F148: Sarah Chen | G148: APAC | H148: 1 | I148: 46.99 | J148: 46.99
...

Sheet Geschäfte
A1: PeakFlow Q1 2025 - bereinigte Geschäftsdaten
M2: Hilfstabelle für Streudiagramm
A3: DealID | B3: Date | C3: CustomerName | D3: CategoryName | E3: SalesRep | F3: Manager | G3: =TRIM(CLEAN(PROPER(peakflow_q1_2025_dirty!G1))) -> Region | H3: Units | I3: UnitPrice | J3: Revenue | K3: Monat | M3: Add-On: Analytics Units | N3: Add-On: Analytics Price | O3: Add on: Support Unit | P3: Add on: Support Unit Price | Q3: Business Plan Unit | R3: Business Plan Unit Price | S3: Enterprise Plan Unit | T3: Enterprise Unit Price | U3: Pro Plan Unit | V3: Pro Plan Unit Price | W3: Starter Plan Unit | X3: Starter Plan Unit Price
A4: =TRIM(CLEAN(PROPER(peakflow_q1_2025_dirty!A2))) -> D-1088 | B4: =DATEVALUE(TRIM(CLEAN(peakflow_q1_2025_dirty!B2))) -> 45658 | C4: =TRIM(CLEAN(PROPER(peakflow_q1_2025_dirty!C2))) -> Helix Systems | D4: =TRIM(CLEAN(PROPER(peakflow_q1_2025_dirty!D2))) -> Starter Plan | E4: =TRIM(CLEAN(PROPER(peakflow_q1_2025_dirty!E2))) -> Nina Petrov | F4: =TRIM(CLEAN(PROPER(peakflow_q1_2025_dirty!F2))) -> Lukas Becker | G4: =TRIM(CLEAN(PROPER(peakflow_q1_2025_dirty!G2))) -> North America | H4: =VALUE(TRIM((CLEAN(peakflow_q1_2025_dirty!H2)))) -> 2 | I4: =VALUE(SUBSTITUTE(peakflow_q1_2025_dirty!I2,".","," )) -> 44.27 | J4: =H4*I4 -> 88.54 | K4: =TEXT(B4,"MMMM") -> Januar | M4: =IF($D4="Add-On: Analytics",$H4,NA()) -> #N/A | N4: =IF($D4="Add-On: Analytics",$I4,NA()) -> #N/A | O4: =IF($D4="Add-On: Support",$H4,NA()) -> #N/A | P4: =IF($D4="Add-On: Support",$I4,NA()) -> #N/A | Q4: =IF($D4="Business Plan",$H4,NA()) -> #N/A | R4: =IF($D4="Business Plan",$I4,NA()) -> #N/A | S4: =IF($D4="Enterprise Plan",$H4,NA()) -> #N/A | T4: =IF($D4="Enterprise Plan",$I4,NA()) -> #N/A | U4: =IF($D4="Pro Plan",$H4,NA()) -> #N/A | V4: =IF($D4="Pro Plan",$I4,NA()) -> #N/A | W4: =IF($D4="Starter Plan",$H4,NA()) -> 2 | X4: =IF($D4="Starter Plan",$I4,NA()) -> 44.27
A5: =TRIM(CLEAN(PROPER(peakflow_q1_2025_dirty!A3))) -> D-1108 | B5: =DATEVALUE(TRIM(CLEAN(peakflow_q1_2025_dirty!B3))) -> 45658 | C5: =TRIM(CLEAN(PROPER(peakflow_q1_2025_dirty!C3))) -> Meridian Group | D5: =TRIM(CLEAN(PROPER(peakflow_q1_2025_dirty!D3))) -> Pro Plan | E5: =TRIM(CLEAN(PROPER(peakflow_q1_2025_dirty!E3))) -> Tom Wilson | F5: =TRIM(CLEAN(PROPER(peakflow_q1_2025_dirty!F3))) -> Lukas Becker | G5: =TRIM(CLEAN(PROPER(peakflow_q1_2025_dirty!G3))) -> North America | H5: =VALUE(TRIM((CLEAN(peakflow_q1_2025_dirty!H3)))) -> 10 | I5: =VALUE(SUBSTITUTE(peakflow_q1_2025_dirty!I3,".","," )) -> 224.49 | J5: =H5*I5 -> 2244.9 | K5: =TEXT(B5,"MMMM") -> Januar | M5: =IF($D5="Add-On: Analytics",$H5,NA()) -> #N/A | N5: =IF($D5="Add-On: Analytics",$I5,NA()) -> #N/A | O5: =IF($D5="Add-On: Support",$H5,NA()) -> #N/A | P5: =IF($D5="Add-On: Support",$I5,NA()) -> #N/A | Q5: =IF($D5="Business Plan",$H5,NA()) -> #N/A | R5: =IF($D5="Business Plan",$I5,NA()) -> #N/A | S5: =IF($D5="Enterprise Plan",$H5,NA()) -> #N/A | T5: =IF($D5="Enterprise Plan",$I5,NA()) -> #N/A | U5: =IF($D5="Pro Plan",$H5,NA()) -> 10 | V5: =IF($D5="Pro Plan",$I5,NA()) -> 224.49 | W5: =IF($D5="Starter Plan",$H5,NA()) -> #N/A | X5: =IF($D5="Starter Plan",$I5,NA()) -> #N/A
A6: =TRIM(CLEAN(PROPER(peakflow_q1_2025_dirty!A4))) -> D-1230 | B6: =DATEVALUE(TRIM(CLEAN(peakflow_q1_2025_dirty!B4))) -> 45658 | C6: =TRIM(CLEAN(PROPER(peakflow_q1_2025_dirty!C4))) -> Fusion Group | D6: =TRIM(CLEAN(PROPER(peakflow_q1_2025_dirty!D4))) -> Pro Plan | E6: =TRIM(CLEAN(PROPER(peakflow_q1_2025_dirty!E4))) -> Marcus Johnson | F6: =TRIM(CLEAN(PROPER(peakflow_q1_2025_dirty!F4))) -> Sarah Chen | G6: =TRIM(CLEAN(UPPER(peakflow_q1_2025_dirty!G4))) -> LATAM | H6: =VALUE(TRIM((CLEAN(peakflow_q1_2025_dirty!H4)))) -> 2 | I6: =VALUE(SUBSTITUTE(peakflow_q1_2025_dirty!I4,".","," )) -> 248.58 | J6: =H6*I6 -> 497.16 | K6: =TEXT(B6,"MMMM") -> Januar | M6: =IF($D6="Add-On: Analytics",$H6,NA()) -> #N/A | N6: =IF($D6="Add-On: Analytics",$I6,NA()) -> #N/A | O6: =IF($D6="Add-On: Support",$H6,NA()) -> #N/A | P6: =IF($D6="Add-On: Support",$I6,NA()) -> #N/A | Q6: =IF($D6="Business Plan",$H6,NA()) -> #N/A | R6: =IF($D6="Business Plan",$I6,NA()) -> #N/A | S6: =IF($D6="Enterprise Plan",$H6,NA()) -> #N/A | T6: =IF($D6="Enterprise Plan",$I6,NA()) -> #N/A | U6: =IF($D6="Pro Plan",$H6,NA()) -> 2 | V6: =IF($D6="Pro Plan",$I6,NA()) -> 248.58 | W6: =IF($D6="Starter Plan",$H6,NA()) -> #N/A | X6: =IF($D6="Starter Plan",$I6,NA()) -> #N/A
A7: =TRIM(CLEAN(PROPER(peakflow_q1_2025_dirty!A5))) -> D-1035 | B7: =DATEVALUE(TRIM(CLEAN(peakflow_q1_2025_dirty!B5))) -> 45659 | C7: =TRIM(CLEAN(PROPER(peakflow_q1_2025_dirty!C5))) -> Nova Inc | D7: =TRIM(CLEAN(PROPER(peakflow_q1_2025_dirty!D5))) -> Add-On: Support | E7: =TRIM(CLEAN(PROPER(peakflow_q1_2025_dirty!E5))) -> Elena Rossi | F7: =TRIM(CLEAN(PROPER(peakflow_q1_2025_dirty!F5))) -> Lukas Becker | G7: =TRIM(CLEAN(UPPER(peakflow_q1_2025_dirty!G5))) -> EMEA | H7: =VALUE(TRIM((CLEAN(peakflow_q1_2025_dirty!H5)))) -> 1 | I7: =VALUE(SUBSTITUTE(peakflow_q1_2025_dirty!I5,".","," )) -> 112.19 | J7: =H7*I7 -> 112.19 | K7: =TEXT(B7,"MMMM") -> Januar | M7: =IF($D7="Add-On: Analytics",$H7,NA()) -> #N/A | N7: =IF($D7="Add-On: Analytics",$I7,NA()) -> #N/A | O7: =IF($D7="Add-On: Support",$H7,NA()) -> 1 | P7: =IF($D7="Add-On: Support",$I7,NA()) -> 112.19 | Q7: =IF($D7="Business Plan",$H7,NA()) -> #N/A | R7: =IF($D7="Business Plan",$I7,NA()) -> #N/A | S7: =IF($D7="Enterprise Plan",$H7,NA()) -> #N/A | T7: =IF($D7="Enterprise Plan",$I7,NA()) -> #N/A | U7: =IF($D7="Pro Plan",$H7,NA()) -> #N/A | V7: =IF($D7="Pro Plan",$I7,NA()) -> #N/A | W7: =IF($D7="Starter Plan",$H7,NA()) -> #N/A | X7: =IF($D7="Starter Plan",$I7,NA()) -> #N/A
A8: =TRIM(CLEAN(PROPER(peakflow_q1_2025_dirty!A6))) -> D-1152 | B8: =DATEVALUE(TRIM(CLEAN(peakflow_q1_2025_dirty!B6))) -> 45659 | C8: =TRIM(CLEAN(PROPER(peakflow_q1_2025_dirty!C6))) -> Catalyst Inc | D8: =TRIM(CLEAN(PROPER(peakflow_q1_2025_dirty!D6))) -> Starter Plan | E8: =TRIM(CLEAN(PROPER(peakflow_q1_2025_dirty!E6))) -> Elena Rossi | F8: =TRIM(CLEAN(PROPER(peakflow_q1_2025_dirty!F6))) -> Lukas Becker | G8: =TRIM(CLEAN(PROPER(peakflow_q1_2025_dirty!G6))) -> North America | H8: =VALUE(TRIM((CLEAN(peakflow_q1_2025_dirty!H6)))) -> 1 | I8: =VALUE(SUBSTITUTE(peakflow_q1_2025_dirty!I6,".","," )) -> 73.94 | J8: =H8*I8 -> 73.94 | K8: =TEXT(B8,"MMMM") -> Januar | M8: =IF($D8="Add-On: Analytics",$H8,NA()) -> #N/A | N8: =IF($D8="Add-On: Analytics",$I8,NA()) -> #N/A | O8: =IF($D8="Add-On: Support",$H8,NA()) -> #N/A | P8: =IF($D8="Add-On: Support",$I8,NA()) -> #N/A | Q8: =IF($D8="Business Plan",$H8,NA()) -> #N/A | R8: =IF($D8="Business Plan",$I8,NA()) -> #N/A | S8: =IF($D8="Enterprise Plan",$H8,NA()) -> #N/A | T8: =IF($D8="Enterprise Plan",$I8,NA()) -> #N/A | U8: =IF($D8="Pro Plan",$H8,NA()) -> #N/A | V8: =IF($D8="Pro Plan",$I8,NA()) -> #N/A | W8: =IF($D8="Starter Plan",$H8,NA()) -> 1 | X8: =IF($D8="Starter Plan",$I8,NA()) -> 73.94
A9: =TRIM(CLEAN(PROPER(peakflow_q1_2025_dirty!A7))) -> D-1202 | B9: =DATEVALUE(TRIM(CLEAN(peakflow_q1_2025_dirty!B7))) -> 45659 | C9: =TRIM(CLEAN(PROPER(peakflow_q1_2025_dirty!C7))) -> Nimbus Co | D9: =TRIM(CLEAN(PROPER(peakflow_q1_2025_dirty!D7))) -> Business Plan | E9: =TRIM(CLEAN(PROPER(peakflow_q1_2025_dirty!E7))) -> James Park | F9: =TRIM(CLEAN(PROPER(peakflow_q1_2025_dirty!F7))) -> Owen Walsh | G9: =TRIM(CLEAN(PROPER(peakflow_q1_2025_dirty!G7))) -> North America | H9: =VALUE(TRIM((CLEAN(peakflow_q1_2025_dirty!H7)))) -> 5 | I9: =VALUE(SUBSTITUTE(peakflow_q1_2025_dirty!I7,".","," )) -> 369.19 | J9: =H9*I9 -> 1845.95 | K9: =TEXT(B9,"MMMM") -> Januar | M9: =IF($D9="Add-On: Analytics",$H9,NA()) -> #N/A | N9: =IF($D9="Add-On: Analytics",$I9,NA()) -> #N/A | O9: =IF($D9="Add-On: Support",$H9,NA()) -> #N/A | P9: =IF($D9="Add-On: Support",$I9,NA()) -> #N/A | Q9: =IF($D9="Business Plan",$H9,NA()) -> 5 | R9: =IF($D9="Business Plan",$I9,NA()) -> 369.19 | S9: =IF($D9="Enterprise Plan",$H9,NA()) -> #N/A | T9: =IF($D9="Enterprise Plan",$I9,NA()) -> #N/A | U9: =IF($D9="Pro Plan",$H9,NA()) -> #N/A | V9: =IF($D9="Pro Plan",$I9,NA()) -> #N/A | W9: =IF($D9="Starter Plan",$H9,NA()) -> #N/A | X9: =IF($D9="Starter Plan",$I9,NA()) -> #N/A
A10: =TRIM(CLEAN(PROPER(peakflow_q1_2025_dirty!A8))) -> D-1249 | B10: =DATEVALUE(TRIM(CLEAN(peakflow_q1_2025_dirty!B8))) -> 45659 | C10: =TRIM(CLEAN(PROPER(peakflow_q1_2025_dirty!C8))) -> Summit Group | D10: =TRIM(CLEAN(PROPER(peakflow_q1_2025_dirty!D8))) -> Enterprise Plan | E10: =TRIM(CLEAN(PROPER(peakflow_q1_2025_dirty!E8))) -> Elena Rossi | F10: =TRIM(CLEAN(PROPER(peakflow_q1_2025_dirty!F8))) -> Lukas Becker | G10: =TRIM(CLEAN(PROPER(peakflow_q1_2025_dirty!G8))) -> North America | H10: =VALUE(TRIM((CLEAN(peakflow_q1_2025_dirty!H8)))) -> 1 | I10: =VALUE(SUBSTITUTE(peakflow_q1_2025_dirty!I8,".","," )) -> 1198.59 | J10: =H10*I10 -> 1198.59 | K10: =TEXT(B10,"MMMM") -> Januar | M10: =IF($D10="Add-On: Analytics",$H10,NA()) -> #N/A | N10: =IF($D10="Add-On: Analytics",$I10,NA()) -> #N/A | O10: =IF($D10="Add-On: Support",$H10,NA()) -> #N/A | P10: =IF($D10="Add-On: Support",$I10,NA()) -> #N/A | Q10: =IF($D10="Business Plan",$H10,NA()) -> #N/A | R10: =IF($D10="Business Plan",$I10,NA()) -> #N/A | S10: =IF($D10="Enterprise Plan",$H10,NA()) -> 1 | T10: =IF($D10="Enterprise Plan",$I10,NA()) -> 1198.59 | U10: =IF($D10="Pro Plan",$H10,NA()) -> #N/A | V10: =IF($D10="Pro Plan",$I10,NA()) -> #N/A | W10: =IF($D10="Starter Plan",$H10,NA()) -> #N/A | X10: =IF($D10="Starter Plan",$I10,NA()) -> #N/A
A11: =TRIM(CLEAN(PROPER(peakflow_q1_2025_dirty!A9))) -> D-1054 | B11: =DATEVALUE(TRIM(CLEAN(peakflow_q1_2025_dirty!B9))) -> 45661 | C11: =TRIM(CLEAN(PROPER(peakflow_q1_2025_dirty!C9))) -> Northwind Co | D11: =TRIM(CLEAN(PROPER(peakflow_q1_2025_dirty!D9))) -> Enterprise Plan | E11: =TRIM(CLEAN(PROPER(peakflow_q1_2025_dirty!E9))) -> David Kim | F11: =TRIM(CLEAN(PROPER(peakflow_q1_2025_dirty!F9))) -> Sarah Chen | G11: =TRIM(CLEAN(UPPER(peakflow_q1_2025_dirty!G9))) -> EMEA | H11: =VALUE(TRIM((CLEAN(peakflow_q1_2025_dirty!H9)))) -> 2 | I11: =VALUE(SUBSTITUTE(peakflow_q1_2025_dirty!I9,".","," )) -> 1182.78 | J11: =H11*I11 -> 2365.56 | K11: =TEXT(B11,"MMMM") -> Januar | M11: =IF($D11="Add-On: Analytics",$H11,NA()) -> #N/A | N11: =IF($D11="Add-On: Analytics",$I11,NA()) -> #N/A | O11: =IF($D11="Add-On: Support",$H11,NA()) -> #N/A | P11: =IF($D11="Add-On: Support",$I11,NA()) -> #N/A | Q11: =IF($D11="Business Plan",$H11,NA()) -> #N/A | R11: =IF($D11="Business Plan",$I11,NA()) -> #N/A | S11: =IF($D11="Enterprise Plan",$H11,NA()) -> 2 | T11: =IF($D11="Enterprise Plan",$I11,NA()) -> 1182.78 | U11: =IF($D11="Pro Plan",$H11,NA()) -> #N/A | V11: =IF($D11="Pro Plan",$I11,NA()) -> #N/A | W11: =IF($D11="Starter Plan",$H11,NA()) -> #N/A | X11: =IF($D11="Starter Plan",$I11,NA()) -> #N/A
A12: =TRIM(CLEAN(PROPER(peakflow_q1_2025_dirty!A10))) -> D-1102 | B12: =DATEVALUE(TRIM(CLEAN(peakflow_q1_2025_dirty!B10))) -> 45661 | C12: =TRIM(CLEAN(PROPER(peakflow_q1_2025_dirty!C10))) -> Lumen Labs | D12: =TRIM(CLEAN(PROPER(peakflow_q1_2025_dirty!D10))) -> Starter Plan | E12: =TRIM(CLEAN(PROPER(peakflow_q1_2025_dirty!E10))) -> Carlos Mendez | F12: =TRIM(CLEAN(PROPER(peakflow_q1_2025_dirty!F10))) -> Maya Rodriguez | G12: =TRIM(CLEAN(UPPER(peakflow_q1_2025_dirty!G10))) -> EMEA | H12: =VALUE(TRIM((CLEAN(peakflow_q1_2025_dirty!H10)))) -> 1 | I12: =VALUE(SUBSTITUTE(peakflow_q1_2025_dirty!I10,".","," )) -> 68.06 | J12: =H12*I12 -> 68.06 | K12: =TEXT(B12,"MMMM") -> Januar | M12: =IF($D12="Add-On: Analytics",$H12,NA()) -> #N/A | N12: =IF($D12="Add-On: Analytics",$I12,NA()) -> #N/A | O12: =IF($D12="Add-On: Support",$H12,NA()) -> #N/A | P12: =IF($D12="Add-On: Support",$I12,NA()) -> #N/A | Q12: =IF($D12="Business Plan",$H12,NA()) -> #N/A | R12: =IF($D12="Business Plan",$I12,NA()) -> #N/A | S12: =IF($D12="Enterprise Plan",$H12,NA()) -> #N/A | T12: =IF($D12="Enterprise Plan",$I12,NA()) -> #N/A | U12: =IF($D12="Pro Plan",$H12,NA()) -> #N/A | V12: =IF($D12="Pro Plan",$I12,NA()) -> #N/A | W12: =IF($D12="Starter Plan",$H12,NA()) -> 1 | X12: =IF($D12="Starter Plan",$I12,NA()) -> 68.06
A13: =TRIM(CLEAN(PROPER(peakflow_q1_2025_dirty!A11))) -> D-1115 | B13: =DATEVALUE(TRIM(CLEAN(peakflow_q1_2025_dirty!B11))) -> 45661 | C13: =TRIM(CLEAN(PROPER(peakflow_q1_2025_dirty!C11))) -> Kestrel Co | D13: =TRIM(CLEAN(PROPER(peakflow_q1_2025_dirty!D11))) -> Add-On: Support | E13: =TRIM(CLEAN(PROPER(peakflow_q1_2025_dirty!E11))) -> Tom Wilson | F13: =TRIM(CLEAN(PROPER(peakflow_q1_2025_dirty!F11))) -> Lukas Becker | G13: =TRIM(CLEAN(UPPER(peakflow_q1_2025_dirty!G11))) -> APAC | H13: =VALUE(TRIM((CLEAN(peakflow_q1_2025_dirty!H11)))) -> 2 | I13: =VALUE(SUBSTITUTE(peakflow_q1_2025_dirty!I11,".","," )) -> 118.97 | J13: =H13*I13 -> 237.94 | K13: =TEXT(B13,"MMMM") -> Januar | M13: =IF($D13="Add-On: Analytics",$H13,NA()) -> #N/A | N13: =IF($D13="Add-On: Analytics",$I13,NA()) -> #N/A | O13: =IF($D13="Add-On: Support",$H13,NA()) -> 2 | P13: =IF($D13="Add-On: Support",$I13,NA()) -> 118.97 | Q13: =IF($D13="Business Plan",$H13,NA()) -> #N/A | R13: =IF($D13="Business Plan",$I13,NA()) -> #N/A | S13: =IF($D13="Enterprise Plan",$H13,NA()) -> #N/A | T13: =IF($D13="Enterprise Plan",$I13,NA()) -> #N/A | U13: =IF($D13="Pro Plan",$H13,NA()) -> #N/A | V13: =IF($D13="Pro Plan",$I13,NA()) -> #N/A | W13: =IF($D13="Starter Plan",$H13,NA()) -> #N/A | X13: =IF($D13="Starter Plan",$I13,NA()) -> #N/A
A14: =TRIM(CLEAN(PROPER(peakflow_q1_2025_dirty!A12))) -> D-1138 | B14: =DATEVALUE(TRIM(CLEAN(peakflow_q1_2025_dirty!B12))) -> 45661 | C14: =TRIM(CLEAN(PROPER(peakflow_q1_2025_dirty!C12))) -> Nova Inc | D14: =TRIM(CLEAN(PROPER(peakflow_q1_2025_dirty!D12))) -> Starter Plan | E14: =TRIM(CLEAN(PROPER(peakflow_q1_2025_dirty!E12))) -> Marcus Johnson | F14: =TRIM(CLEAN(PROPER(peakflow_q1_2025_dirty!F12))) -> Sarah Chen | G14: =TRIM(CLEAN(UPPER(peakflow_q1_2025_dirty!G12))) -> LATAM | H14: =VALUE(TRIM((CLEAN(peakflow_q1_2025_dirty!H12)))) -> 5 | I14: =VALUE(SUBSTITUTE(peakflow_q1_2025_dirty!I12,".","," )) -> 53.28 | J14: =H14*I14 -> 266.4 | K14: =TEXT(B14,"MMMM") -> Januar | M14: =IF($D14="Add-On: Analytics",$H14,NA()) -> #N/A | N14: =IF($D14="Add-On: Analytics",$I14,NA()) -> #N/A | O14: =IF($D14="Add-On: Support",$H14,NA()) -> #N/A | P14: =IF($D14="Add-On: Support",$I14,NA()) -> #N/A | Q14: =IF($D14="Business Plan",$H14,NA()) -> #N/A | R14: =IF($D14="Business Plan",$I14,NA()) -> #N/A | S14: =IF($D14="Enterprise Plan",$H14,NA()) -> #N/A | T14: =IF($D14="Enterprise Plan",$I14,NA()) -> #N/A | U14: =IF($D14="Pro Plan",$H14,NA()) -> #N/A | V14: =IF($D14="Pro Plan",$I14,NA()) -> #N/A | W14: =IF($D14="Starter Plan",$H14,NA()) -> 5 | X14: =IF($D14="Starter Plan",$I14,NA()) -> 53.28
A15: =TRIM(CLEAN(PROPER(peakflow_q1_2025_dirty!A13))) -> D-1231 | B15: =DATEVALUE(TRIM(CLEAN(peakflow_q1_2025_dirty!B13))) -> 45661 | C15: =TRIM(CLEAN(PROPER(peakflow_q1_2025_dirty!C13))) -> Borealis Co | D15: =TRIM(CLEAN(PROPER(peakflow_q1_2025_dirty!D13))) -> Enterprise Plan | E15: =TRIM(CLEAN(PROPER(peakflow_q1_2025_dirty!E13))) -> Marcus Johnson | F15: =TRIM(CLEAN(PROPER(peakflow_q1_2025_dirty!F13))) -> Sarah Chen | G15: =TRIM(CLEAN(UPPER(peakflow_q1_2025_dirty!G13))) -> EMEA | H15: =VALUE(TRIM((CLEAN(peakflow_q1_2025_dirty!H13)))) -> 1 | I15: =VALUE(SUBSTITUTE(peakflow_q1_2025_dirty!I13,".","," )) -> 992.76 | J15: =H15*I15 -> 992.76 | K15: =TEXT(B15,"MMMM") -> Januar | M15: =IF($D15="Add-On: Analytics",$H15,NA()) -> #N/A | N15: =IF($D15="Add-On: Analytics",$I15,NA()) -> #N/A | O15: =IF($D15="Add-On: Support",$H15,NA()) -> #N/A | P15: =IF($D15="Add-On: Support",$I15,NA()) -> #N/A | Q15: =IF($D15="Business Plan",$H15,NA()) -> #N/A | R15: =IF($D15="Business Plan",$I15,NA()) -> #N/A | S15: =IF($D15="Enterprise Plan",$H15,NA()) -> 1 | T15: =IF($D15="Enterprise Plan",$I15,NA()) -> 992.76 | U15: =IF($D15="Pro Plan",$H15,NA()) -> #N/A | V15: =IF($D15="Pro Plan",$I15,NA()) -> #N/A | W15: =IF($D15="Starter Plan",$H15,NA()) -> #N/A | X15: =IF($D15="Starter Plan",$I15,NA()) -> #N/A
A16: =TRIM(CLEAN(PROPER(peakflow_q1_2025_dirty!A14))) -> D-1008 | B16: =DATEVALUE(TRIM(CLEAN(peakflow_q1_2025_dirty!B14))) -> 45662 | C16: =TRIM(CLEAN(PROPER(peakflow_q1_2025_dirty!C14))) -> Phoenix Co | D16: =TRIM(CLEAN(PROPER(peakflow_q1_2025_dirty!D14))) -> Pro Plan | E16: =TRIM(CLEAN(PROPER(peakflow_q1_2025_dirty!E14))) -> Tom Wilson | F16: =TRIM(CLEAN(PROPER(peakflow_q1_2025_dirty!F14))) -> Lukas Becker | G16: =TRIM(CLEAN(UPPER(peakflow_q1_2025_dirty!G14))) -> LATAM | H16: =VALUE(TRIM((CLEAN(peakflow_q1_2025_dirty!H14)))) -> 20 | I16: =VALUE(SUBSTITUTE(peakflow_q1_2025_dirty!I14,".","," )) -> 249.04 | J16: =H16*I16 -> 4980.8 | K16: =TEXT(B16,"MMMM") -> Januar | M16: =IF($D16="Add-On: Analytics",$H16,NA()) -> #N/A | N16: =IF($D16="Add-On: Analytics",$I16,NA()) -> #N/A | O16: =IF($D16="Add-On: Support",$H16,NA()) -> #N/A | P16: =IF($D16="Add-On: Support",$I16,NA()) -> #N/A | Q16: =IF($D16="Business Plan",$H16,NA()) -> #N/A | R16: =IF($D16="Business Plan",$I16,NA()) -> #N/A | S16: =IF($D16="Enterprise Plan",$H16,NA()) -> #N/A | T16: =IF($D16="Enterprise Plan",$I16,NA()) -> #N/A | U16: =IF($D16="Pro Plan",$H16,NA()) -> 20 | V16: =IF($D16="Pro Plan",$I16,NA()) -> 249.04 | W16: =IF($D16="Starter Plan",$H16,NA()) -> #N/A | X16: =IF($D16="Starter Plan",$I16,NA()) -> #N/A
A17: =TRIM(CLEAN(PROPER(peakflow_q1_2025_dirty!A15))) -> D-1071 | B17: =DATEVALUE(TRIM(CLEAN(peakflow_q1_2025_dirty!B15))) -> 45662 | C17: =TRIM(CLEAN(PROPER(peakflow_q1_2025_dirty!C15))) -> Apex Group | D17: =TRIM(CLEAN(PROPER(peakflow_q1_2025_dirty!D15))) -> Business Plan | E17: =TRIM(CLEAN(PROPER(peakflow_q1_2025_dirty!E15))) -> David Kim | F17: =TRIM(CLEAN(PROPER(peakflow_q1_2025_dirty!F15))) -> Sarah Chen | G17: =TRIM(CLEAN(UPPER(peakflow_q1_2025_dirty!G15))) -> APAC | H17: =VALUE(TRIM((CLEAN(peakflow_q1_2025_dirty!H15)))) -> 1 | I17: =VALUE(SUBSTITUTE(peakflow_q1_2025_dirty!I15,".","," )) -> 386.52 | J17: =H17*I17 -> 386.52 | K17: =TEXT(B17,"MMMM") -> Januar | M17: =IF($D17="Add-On: Analytics",$H17,NA()) -> #N/A | N17: =IF($D17="Add-On: Analytics",$I17,NA()) -> #N/A | O17: =IF($D17="Add-On: Support",$H17,NA()) -> #N/A | P17: =IF($D17="Add-On: Support",$I17,NA()) -> #N/A | Q17: =IF($D17="Business Plan",$H17,NA()) -> 1 | R17: =IF($D17="Business Plan",$I17,NA()) -> 386.52 | S17: =IF($D17="Enterprise Plan",$H17,NA()) -> #N/A | T17: =IF($D17="Enterprise Plan",$I17,NA()) -> #N/A | U17: =IF($D17="Pro Plan",$H17,NA()) -> #N/A | V17: =IF($D17="Pro Plan",$I17,NA()) -> #N/A | W17: =IF($D17="Starter Plan",$H17,NA()) -> #N/A | X17: =IF($D17="Starter Plan",$I17,NA()) -> #N/A
A18: =TRIM(CLEAN(PROPER(peakflow_q1_2025_dirty!A16))) -> D-1105 | B18: =DATEVALUE(TRIM(CLEAN(peakflow_q1_2025_dirty!B16))) -> 45662 | C18: =TRIM(CLEAN(PROPER(peakflow_q1_2025_dirty!C16))) -> Kestrel Co | D18: =TRIM(CLEAN(PROPER(peakflow_q1_2025_dirty!D16))) -> Pro Plan | E18: =TRIM(CLEAN(PROPER(peakflow_q1_2025_dirty!E16))) -> Elena Rossi | F18: =TRIM(CLEAN(PROPER(peakflow_q1_2025_dirty!F16))) -> Lukas Becker | G18: =TRIM(CLEAN(PROPER(peakflow_q1_2025_dirty!G16))) -> North America | H18: =VALUE(TRIM((CLEAN(peakflow_q1_2025_dirty!H16)))) -> 1 | I18: =VALUE(SUBSTITUTE(peakflow_q1_2025_dirty!I16,".","," )) -> 226.12 | J18: =H18*I18 -> 226.12 | K18: =TEXT(B18,"MMMM") -> Januar | M18: =IF($D18="Add-On: Analytics",$H18,NA()) -> #N/A | N18: =IF($D18="Add-On: Analytics",$I18,NA()) -> #N/A | O18: =IF($D18="Add-On: Support",$H18,NA()) -> #N/A | P18: =IF($D18="Add-On: Support",$I18,NA()) -> #N/A | Q18: =IF($D18="Business Plan",$H18,NA()) -> #N/A | R18: =IF($D18="Business Plan",$I18,NA()) -> #N/A | S18: =IF($D18="Enterprise Plan",$H18,NA()) -> #N/A | T18: =IF($D18="Enterprise Plan",$I18,NA()) -> #N/A | U18: =IF($D18="Pro Plan",$H18,NA()) -> 1 | V18: =IF($D18="Pro Plan",$I18,NA()) -> 226.12 | W18: =IF($D18="Starter Plan",$H18,NA()) -> #N/A | X18: =IF($D18="Starter Plan",$I18,NA()) -> #N/A
A19: =TRIM(CLEAN(PROPER(peakflow_q1_2025_dirty!A17))) -> D-1110 | B19: =DATEVALUE(TRIM(CLEAN(peakflow_q1_2025_dirty!B17))) -> 45662 | C19: =TRIM(CLEAN(PROPER(peakflow_q1_2025_dirty!C17))) -> Rivet Co | D19: =TRIM(CLEAN(PROPER(peakflow_q1_2025_dirty!D17))) -> Starter Plan | E19: =TRIM(CLEAN(PROPER(peakflow_q1_2025_dirty!E17))) -> James Park | F19: =TRIM(CLEAN(PROPER(peakflow_q1_2025_dirty!F17))) -> Owen Walsh | G19: =TRIM(CLEAN(UPPER(peakflow_q1_2025_dirty!G17))) -> LATAM | H19: =VALUE(TRIM((CLEAN(peakflow_q1_2025_dirty!H17)))) -> 1 | I19: =VALUE(SUBSTITUTE(peakflow_q1_2025_dirty!I17,".","," )) -> 73.28 | J19: =H19*I19 -> 73.28 | K19: =TEXT(B19,"MMMM") -> Januar | M19: =IF($D19="Add-On: Analytics",$H19,NA()) -> #N/A | N19: =IF($D19="Add-On: Analytics",$I19,NA()) -> #N/A | O19: =IF($D19="Add-On: Support",$H19,NA()) -> #N/A | P19: =IF($D19="Add-On: Support",$I19,NA()) -> #N/A | Q19: =IF($D19="Business Plan",$H19,NA()) -> #N/A | R19: =IF($D19="Business Plan",$I19,NA()) -> #N/A | S19: =IF($D19="Enterprise Plan",$H19,NA()) -> #N/A | T19: =IF($D19="Enterprise Plan",$I19,NA()) -> #N/A | U19: =IF($D19="Pro Plan",$H19,NA()) -> #N/A | V19: =IF($D19="Pro Plan",$I19,NA()) -> #N/A | W19: =IF($D19="Starter Plan",$H19,NA()) -> 1 | X19: =IF($D19="Starter Plan",$I19,NA()) -> 73.28
A20: =TRIM(CLEAN(PROPER(peakflow_q1_2025_dirty!A18))) -> D-1112 | B20: =DATEVALUE(TRIM(CLEAN(peakflow_q1_2025_dirty!B18))) -> 45662 | C20: =TRIM(CLEAN(PROPER(peakflow_q1_2025_dirty!C18))) -> Borealis Co | D20: =TRIM(CLEAN(PROPER(peakflow_q1_2025_dirty!D18))) -> Starter Plan | E20: =TRIM(CLEAN(PROPER(peakflow_q1_2025_dirty!E18))) -> Hannah Lee | F20: =TRIM(CLEAN(PROPER(peakflow_q1_2025_dirty!F18))) -> Owen Walsh | G20: =TRIM(CLEAN(UPPER(peakflow_q1_2025_dirty!G18))) -> EMEA | H20: =VALUE(TRIM((CLEAN(peakflow_q1_2025_dirty!H18)))) -> 5 | I20: =VALUE(SUBSTITUTE(peakflow_q1_2025_dirty!I18,".","," )) -> 45.99 | J20: =H20*I20 -> 229.95 | K20: =TEXT(B20,"MMMM") -> Januar | M20: =IF($D20="Add-On: Analytics",$H20,NA()) -> #N/A | N20: =IF($D20="Add-On: Analytics",$I20,NA()) -> #N/A | O20: =IF($D20="Add-On: Support",$H20,NA()) -> #N/A | P20: =IF($D20="Add-On: Support",$I20,NA()) -> #N/A | Q20: =IF($D20="Business Plan",$H20,NA()) -> #N/A | R20: =IF($D20="Business Plan",$I20,NA()) -> #N/A | S20: =IF($D20="Enterprise Plan",$H20,NA()) -> #N/A | T20: =IF($D20="Enterprise Plan",$I20,NA()) -> #N/A | U20: =IF($D20="Pro Plan",$H20,NA()) -> #N/A | V20: =IF($D20="Pro Plan",$I20,NA()) -> #N/A | W20: =IF($D20="Starter Plan",$H20,NA()) -> 5 | X20: =IF($D20="Starter Plan",$I20,NA()) -> 45.99
A21: =TRIM(CLEAN(PROPER(peakflow_q1_2025_dirty!A19))) -> D-1132 | B21: =DATEVALUE(TRIM(CLEAN(peakflow_q1_2025_dirty!B19))) -> 45662 | C21: =TRIM(CLEAN(PROPER(peakflow_q1_2025_dirty!C19))) -> Quanta Labs | D21: =TRIM(CLEAN(PROPER(peakflow_q1_2025_dirty!D19))) -> Starter Plan | E21: =TRIM(CLEAN(PROPER(peakflow_q1_2025_dirty!E19))) -> Hannah Lee | F21: =TRIM(CLEAN(PROPER(peakflow_q1_2025_dirty!F19))) -> Owen Walsh | G21: =TRIM(CLEAN(UPPER(peakflow_q1_2025_dirty!G19))) -> APAC | H21: =VALUE(TRIM((CLEAN(peakflow_q1_2025_dirty!H19)))) -> 50 | I21: =VALUE(SUBSTITUTE(peakflow_q1_2025_dirty!I19,".","," )) -> 70.68 | J21: =H21*I21 -> 3534 | K21: =TEXT(B21,"MMMM") -> Januar | M21: =IF($D21="Add-On: Analytics",$H21,NA()) -> #N/A | N21: =IF($D21="Add-On: Analytics",$I21,NA()) -> #N/A | O21: =IF($D21="Add-On: Support",$H21,NA()) -> #N/A | P21: =IF($D21="Add-On: Support",$I21,NA()) -> #N/A | Q21: =IF($D21="Business Plan",$H21,NA()) -> #N/A | R21: =IF($D21="Business Plan",$I21,NA()) -> #N/A | S21: =IF($D21="Enterprise Plan",$H21,NA()) -> #N/A | T21: =IF($D21="Enterprise Plan",$I21,NA()) -> #N/A | U21: =IF($D21="Pro Plan",$H21,NA()) -> #N/A | V21: =IF($D21="Pro Plan",$I21,NA()) -> #N/A | W21: =IF($D21="Starter Plan",$H21,NA()) -> 50 | X21: =IF($D21="Starter Plan",$I21,NA()) -> 70.68
A22: =TRIM(CLEAN(PROPER(peakflow_q1_2025_dirty!A20))) -> D-1150 | B22: =DATEVALUE(TRIM(CLEAN(peakflow_q1_2025_dirty!B20))) -> 45662 | C22: =TRIM(CLEAN(PROPER(peakflow_q1_2025_dirty!C20))) -> Nimbus Co | D22: =TRIM(CLEAN(PROPER(peakflow_q1_2025_dirty!D20))) -> Pro Plan | E22: =TRIM(CLEAN(PROPER(peakflow_q1_2025_dirty!E20))) -> James Park | F22: =TRIM(CLEAN(PROPER(peakflow_q1_2025_dirty!F20))) -> Owen Walsh | G22: =TRIM(CLEAN(UPPER(peakflow_q1_2025_dirty!G20))) -> EMEA | H22: =VALUE(TRIM((CLEAN(peakflow_q1_2025_dirty!H20)))) -> 20 | I22: =VALUE(SUBSTITUTE(peakflow_q1_2025_dirty!I20,".","," )) -> 192.21 | J22: =H22*I22 -> 3844.2 | K22: =TEXT(B22,"MMMM") -> Januar | M22: =IF($D22="Add-On: Analytics",$H22,NA()) -> #N/A | N22: =IF($D22="Add-On: Analytics",$I22,NA()) -> #N/A | O22: =IF($D22="Add-On: Support",$H22,NA()) -> #N/A | P22: =IF($D22="Add-On: Support",$I22,NA()) -> #N/A | Q22: =IF($D22="Business Plan",$H22,NA()) -> #N/A | R22: =IF($D22="Business Plan",$I22,NA()) -> #N/A | S22: =IF($D22="Enterprise Plan",$H22,NA()) -> #N/A | T22: =IF($D22="Enterprise Plan",$I22,NA()) -> #N/A | U22: =IF($D22="Pro Plan",$H22,NA()) -> 20 | V22: =IF($D22="Pro Plan",$I22,NA()) -> 192.21 | W22: =IF($D22="Starter Plan",$H22,NA()) -> #N/A | X22: =IF($D22="Starter Plan",$I22,NA()) -> #N/A
A23: =TRIM(CLEAN(PROPER(peakflow_q1_2025_dirty!A21))) -> D-1194 | B23: =DATEVALUE(TRIM(CLEAN(peakflow_q1_2025_dirty!B21))) -> 45662 | C23: =TRIM(CLEAN(PROPER(peakflow_q1_2025_dirty!C21))) -> Onyx Group | D23: =TRIM(CLEAN(PROPER(peakflow_q1_2025_dirty!D21))) -> Pro Plan | E23: =TRIM(CLEAN(PROPER(peakflow_q1_2025_dirty!E21))) -> Sophie Laurent | F23: =TRIM(CLEAN(PROPER(peakflow_q1_2025_dirty!F21))) -> Maya Rodriguez | G23: =TRIM(CLEAN(PROPER(peakflow_q1_2025_dirty!G21))) -> North America | H23: =VALUE(TRIM((CLEAN(peakflow_q1_2025_dirty!H21)))) -> 2 | I23: =VALUE(SUBSTITUTE(peakflow_q1_2025_dirty!I21,".","," )) -> 193.5 | J23: =H23*I23 -> 387 | K23: =TEXT(B23,"MMMM") -> Januar | M23: =IF($D23="Add-On: Analytics",$H23,NA()) -> #N/A | N23: =IF($D23="Add-On: Analytics",$I23,NA()) -> #N/A | O23: =IF($D23="Add-On: Support",$H23,NA()) -> #N/A | P23: =IF($D23="Add-On: Support",$I23,NA()) -> #N/A | Q23: =IF($D23="Business Plan",$H23,NA()) -> #N/A | R23: =IF($D23="Business Plan",$I23,NA()) -> #N/A | S23: =IF($D23="Enterprise Plan",$H23,NA()) -> #N/A | T23: =IF($D23="Enterprise Plan",$I23,NA()) -> #N/A | U23: =IF($D23="Pro Plan",$H23,NA()) -> 2 | V23: =IF($D23="Pro Plan",$I23,NA()) -> 193.5 | W23: =IF($D23="Starter Plan",$H23,NA()) -> #N/A | X23: =IF($D23="Starter Plan",$I23,NA()) -> #N/A
A24: =TRIM(CLEAN(PROPER(peakflow_q1_2025_dirty!A22))) -> D-1091 | B24: =DATEVALUE(TRIM(CLEAN(peakflow_q1_2025_dirty!B22))) -> 45663 | C24: =TRIM(CLEAN(PROPER(peakflow_q1_2025_dirty!C22))) -> Fusion Group | D24: =TRIM(CLEAN(PROPER(peakflow_q1_2025_dirty!D22))) -> Starter Plan | E24: =TRIM(CLEAN(PROPER(peakflow_q1_2025_dirty!E22))) -> Marcus Johnson | F24: =TRIM(CLEAN(PROPER(peakflow_q1_2025_dirty!F22))) -> Sarah Chen | G24: =TRIM(CLEAN(UPPER(peakflow_q1_2025_dirty!G22))) -> APAC | H24: =VALUE(TRIM((CLEAN(peakflow_q1_2025_dirty!H22)))) -> 1 | I24: =VALUE(SUBSTITUTE(peakflow_q1_2025_dirty!I22,".","," )) -> 53.39 | J24: =H24*I24 -> 53.39 | K24: =TEXT(B24,"MMMM") -> Januar | M24: =IF($D24="Add-On: Analytics",$H24,NA()) -> #N/A | N24: =IF($D24="Add-On: Analytics",$I24,NA()) -> #N/A | O24: =IF($D24="Add-On: Support",$H24,NA()) -> #N/A | P24: =IF($D24="Add-On: Support",$I24,NA()) -> #N/A | Q24: =IF($D24="Business Plan",$H24,NA()) -> #N/A | R24: =IF($D24="Business Plan",$I24,NA()) -> #N/A | S24: =IF($D24="Enterprise Plan",$H24,NA()) -> #N/A | T24: =IF($D24="Enterprise Plan",$I24,NA()) -> #N/A | U24: =IF($D24="Pro Plan",$H24,NA()) -> #N/A | V24: =IF($D24="Pro Plan",$I24,NA()) -> #N/A | W24: =IF($D24="Starter Plan",$H24,NA()) -> 1 | X24: =IF($D24="Starter Plan",$I24,NA()) -> 53.39
A25: =TRIM(CLEAN(PROPER(peakflow_q1_2025_dirty!A23))) -> D-1092 | B25: =DATEVALUE(TRIM(CLEAN(peakflow_q1_2025_dirty!B23))) -> 45663 | C25: =TRIM(CLEAN(PROPER(peakflow_q1_2025_dirty!C23))) -> Summit Group | D25: =TRIM(CLEAN(PROPER(peakflow_q1_2025_dirty!D23))) -> Pro Plan | E25: =TRIM(CLEAN(PROPER(peakflow_q1_2025_dirty!E23))) -> Carlos Mendez | F25: =TRIM(CLEAN(PROPER(peakflow_q1_2025_dirty!F23))) -> Maya Rodriguez | G25: =TRIM(CLEAN(UPPER(peakflow_q1_2025_dirty!G23))) -> APAC | H25: =VALUE(TRIM((CLEAN(peakflow_q1_2025_dirty!H23)))) -> 1 | I25: =VALUE(SUBSTITUTE(peakflow_q1_2025_dirty!I23,".","," )) -> 202.22 | J25: =H25*I25 -> 202.22 | K25: =TEXT(B25,"MMMM") -> Januar | M25: =IF($D25="Add-On: Analytics",$H25,NA()) -> #N/A | N25: =IF($D25="Add-On: Analytics",$I25,NA()) -> #N/A | O25: =IF($D25="Add-On: Support",$H25,NA()) -> #N/A | P25: =IF($D25="Add-On: Support",$I25,NA()) -> #N/A | Q25: =IF($D25="Business Plan",$H25,NA()) -> #N/A | R25: =IF($D25="Business Plan",$I25,NA()) -> #N/A | S25: =IF($D25="Enterprise Plan",$H25,NA()) -> #N/A | T25: =IF($D25="Enterprise Plan",$I25,NA()) -> #N/A | U25: =IF($D25="Pro Plan",$H25,NA()) -> 1 | V25: =IF($D25="Pro Plan",$I25,NA()) -> 202.22 | W25: =IF($D25="Starter Plan",$H25,NA()) -> #N/A | X25: =IF($D25="Starter Plan",$I25,NA()) -> #N/A
A26: =TRIM(CLEAN(PROPER(peakflow_q1_2025_dirty!A24))) -> D-1211 | B26: =DATEVALUE(TRIM(CLEAN(peakflow_q1_2025_dirty!B24))) -> 45663 | C26: =TRIM(CLEAN(PROPER(peakflow_q1_2025_dirty!C24))) -> Apex Group | D26: =TRIM(CLEAN(PROPER(peakflow_q1_2025_dirty!D24))) -> Add-On: Analytics | E26: =TRIM(CLEAN(PROPER(peakflow_q1_2025_dirty!E24))) -> James Park | F26: =TRIM(CLEAN(PROPER(peakflow_q1_2025_dirty!F24))) -> Owen Walsh | G26: =TRIM(CLEAN(UPPER(peakflow_q1_2025_dirty!G24))) -> LATAM | H26: =VALUE(TRIM((CLEAN(peakflow_q1_2025_dirty!H24)))) -> 5 | I26: =VALUE(SUBSTITUTE(peakflow_q1_2025_dirty!I24,".","," )) -> 69.69 | J26: =H26*I26 -> 348.45 | K26: =TEXT(B26,"MMMM") -> Januar | M26: =IF($D26="Add-On: Analytics",$H26,NA()) -> 5 | N26: =IF($D26="Add-On: Analytics",$I26,NA()) -> 69.69 | O26: =IF($D26="Add-On: Support",$H26,NA()) -> #N/A | P26: =IF($D26="Add-On: Support",$I26,NA()) -> #N/A | Q26: =IF($D26="Business Plan",$H26,NA()) -> #N/A | R26: =IF($D26="Business Plan",$I26,NA()) -> #N/A | S26: =IF($D26="Enterprise Plan",$H26,NA()) -> #N/A | T26: =IF($D26="Enterprise Plan",$I26,NA()) -> #N/A | U26: =IF($D26="Pro Plan",$H26,NA()) -> #N/A | V26: =IF($D26="Pro Plan",$I26,NA()) -> #N/A | W26: =IF($D26="Starter Plan",$H26,NA()) -> #N/A | X26: =IF($D26="Starter Plan",$I26,NA()) -> #N/A
A27: =TRIM(CLEAN(PROPER(peakflow_q1_2025_dirty!A25))) -> D-1063 | B27: =DATEVALUE(TRIM(CLEAN(peakflow_q1_2025_dirty!B25))) -> 45664 | C27: =TRIM(CLEAN(PROPER(peakflow_q1_2025_dirty!C25))) -> Granite Co | D27: =TRIM(CLEAN(PROPER(peakflow_q1_2025_dirty!D25))) -> Add-On: Support | E27: =TRIM(CLEAN(PROPER(peakflow_q1_2025_dirty!E25))) -> Marcus Johnson | F27: =TRIM(CLEAN(PROPER(peakflow_q1_2025_dirty!F25))) -> Sarah Chen | G27: =TRIM(CLEAN(PROPER(peakflow_q1_2025_dirty!G25))) -> North America | H27: =VALUE(TRIM((CLEAN(peakflow_q1_2025_dirty!H25)))) -> 1 | I27: =VALUE(SUBSTITUTE(peakflow_q1_2025_dirty!I25,".","," )) -> 93.27 | J27: =H27*I27 -> 93.27 | K27: =TEXT(B27,"MMMM") -> Januar | M27: =IF($D27="Add-On: Analytics",$H27,NA()) -> #N/A | N27: =IF($D27="Add-On: Analytics",$I27,NA()) -> #N/A | O27: =IF($D27="Add-On: Support",$H27,NA()) -> 1 | P27: =IF($D27="Add-On: Support",$I27,NA()) -> 93.27 | Q27: =IF($D27="Business Plan",$H27,NA()) -> #N/A | R27: =IF($D27="Business Plan",$I27,NA()) -> #N/A | S27: =IF($D27="Enterprise Plan",$H27,NA()) -> #N/A | T27: =IF($D27="Enterprise Plan",$I27,NA()) -> #N/A | U27: =IF($D27="Pro Plan",$H27,NA()) -> #N/A | V27: =IF($D27="Pro Plan",$I27,NA()) -> #N/A | W27: =IF($D27="Starter Plan",$H27,NA()) -> #N/A | X27: =IF($D27="Starter Plan",$I27,NA()) -> #N/A
A28: =TRIM(CLEAN(PROPER(peakflow_q1_2025_dirty!A26))) -> D-1206 | B28: =DATEVALUE(TRIM(CLEAN(peakflow_q1_2025_dirty!B26))) -> 45664 | C28: =TRIM(CLEAN(PROPER(peakflow_q1_2025_dirty!C26))) -> Stellar Co | D28: =TRIM(CLEAN(PROPER(peakflow_q1_2025_dirty!D26))) -> Add-On: Analytics | E28: =TRIM(CLEAN(PROPER(peakflow_q1_2025_dirty!E26))) -> Elena Rossi | F28: =TRIM(CLEAN(PROPER(peakflow_q1_2025_dirty!F26))) -> Lukas Becker | G28: =TRIM(CLEAN(UPPER(peakflow_q1_2025_dirty!G26))) -> APAC | H28: =VALUE(TRIM((CLEAN(peakflow_q1_2025_dirty!H26)))) -> 5 | I28: =VALUE(SUBSTITUTE(peakflow_q1_2025_dirty!I26,".","," )) -> 74.69 | J28: =H28*I28 -> 373.45 | K28: =TEXT(B28,"MMMM") -> Januar | M28: =IF($D28="Add-On: Analytics",$H28,NA()) -> 5 | N28: =IF($D28="Add-On: Analytics",$I28,NA()) -> 74.69 | O28: =IF($D28="Add-On: Support",$H28,NA()) -> #N/A | P28: =IF($D28="Add-On: Support",$I28,NA()) -> #N/A | Q28: =IF($D28="Business Plan",$H28,NA()) -> #N/A | R28: =IF($D28="Business Plan",$I28,NA()) -> #N/A | S28: =IF($D28="Enterprise Plan",$H28,NA()) -> #N/A | T28: =IF($D28="Enterprise Plan",$I28,NA()) -> #N/A | U28: =IF($D28="Pro Plan",$H28,NA()) -> #N/A | V28: =IF($D28="Pro Plan",$I28,NA()) -> #N/A | W28: =IF($D28="Starter Plan",$H28,NA()) -> #N/A | X28: =IF($D28="Starter Plan",$I28,NA()) -> #N/A
A29: =TRIM(CLEAN(PROPER(peakflow_q1_2025_dirty!A27))) -> D-1123 | B29: =DATEVALUE(TRIM(CLEAN(peakflow_q1_2025_dirty!B27))) -> 45665 | C29: =TRIM(CLEAN(PROPER(peakflow_q1_2025_dirty!C27))) -> Nimbus Co | D29: =TRIM(CLEAN(PROPER(peakflow_q1_2025_dirty!D27))) -> Add-On: Support | E29: =TRIM(CLEAN(PROPER(peakflow_q1_2025_dirty!E27))) -> Tom Wilson | F29: =TRIM(CLEAN(PROPER(peakflow_q1_2025_dirty!F27))) -> Lukas Becker | G29: =TRIM(CLEAN(UPPER(peakflow_q1_2025_dirty!G27))) -> LATAM | H29: =VALUE(TRIM((CLEAN(peakflow_q1_2025_dirty!H27)))) -> 1 | I29: =VALUE(SUBSTITUTE(peakflow_q1_2025_dirty!I27,".","," )) -> 92.92 | J29: =H29*I29 -> 92.92 | K29: =TEXT(B29,"MMMM") -> Januar | M29: =IF($D29="Add-On: Analytics",$H29,NA()) -> #N/A | N29: =IF($D29="Add-On: Analytics",$I29,NA()) -> #N/A | O29: =IF($D29="Add-On: Support",$H29,NA()) -> 1 | P29: =IF($D29="Add-On: Support",$I29,NA()) -> 92.92 | Q29: =IF($D29="Business Plan",$H29,NA()) -> #N/A | R29: =IF($D29="Business Plan",$I29,NA()) -> #N/A | S29: =IF($D29="Enterprise Plan",$H29,NA()) -> #N/A | T29: =IF($D29="Enterprise Plan",$I29,NA()) -> #N/A | U29: =IF($D29="Pro Plan",$H29,NA()) -> #N/A | V29: =IF($D29="Pro Plan",$I29,NA()) -> #N/A | W29: =IF($D29="Starter Plan",$H29,NA()) -> #N/A | X29: =IF($D29="Starter Plan",$I29,NA()) -> #N/A
A30: =TRIM(CLEAN(PROPER(peakflow_q1_2025_dirty!A28))) -> D-1121 | B30: =DATEVALUE(TRIM(CLEAN(peakflow_q1_2025_dirty!B28))) -> 45666 | C30: =TRIM(CLEAN(PROPER(peakflow_q1_2025_dirty!C28))) -> Nova Inc | D30: =TRIM(CLEAN(PROPER(peakflow_q1_2025_dirty!D28))) -> Enterprise Plan | E30: =TRIM(CLEAN(PROPER(peakflow_q1_2025_dirty!E28))) -> Priya Patel | F30: =TRIM(CLEAN(PROPER(peakflow_q1_2025_dirty!F28))) -> Maya Rodriguez | G30: =TRIM(CLEAN(UPPER(peakflow_q1_2025_dirty!G28))) -> APAC | H30: =VALUE(TRIM((CLEAN(peakflow_q1_2025_dirty!H28)))) -> 1 | I30: =VALUE(SUBSTITUTE(peakflow_q1_2025_dirty!I28,".","," )) -> 1388.69 | J30: =H30*I30 -> 1388.69 | K30: =TEXT(B30,"MMMM") -> Januar | M30: =IF($D30="Add-On: Analytics",$H30,NA()) -> #N/A | N30: =IF($D30="Add-On: Analytics",$I30,NA()) -> #N/A | O30: =IF($D30="Add-On: Support",$H30,NA()) -> #N/A | P30: =IF($D30="Add-On: Support",$I30,NA()) -> #N/A | Q30: =IF($D30="Business Plan",$H30,NA()) -> #N/A | R30: =IF($D30="Business Plan",$I30,NA()) -> #N/A | S30: =IF($D30="Enterprise Plan",$H30,NA()) -> 1 | T30: =IF($D30="Enterprise Plan",$I30,NA()) -> 1388.69 | U30: =IF($D30="Pro Plan",$H30,NA()) -> #N/A | V30: =IF($D30="Pro Plan",$I30,NA()) -> #N/A | W30: =IF($D30="Starter Plan",$H30,NA()) -> #N/A | X30: =IF($D30="Starter Plan",$I30,NA()) -> #N/A
A31: =TRIM(CLEAN(PROPER(peakflow_q1_2025_dirty!A29))) -> D-1029 | B31: =DATEVALUE(TRIM(CLEAN(peakflow_q1_2025_dirty!B29))) -> 45667 | C31: =TRIM(CLEAN(PROPER(peakflow_q1_2025_dirty!C29))) -> Cascade Group | D31: =TRIM(CLEAN(PROPER(peakflow_q1_2025_dirty!D29))) -> Starter Plan | E31: =TRIM(CLEAN(PROPER(peakflow_q1_2025_dirty!E29))) -> Sophie Laurent | F31: =TRIM(CLEAN(PROPER(peakflow_q1_2025_dirty!F29))) -> Maya Rodriguez | G31: =TRIM(CLEAN(UPPER(peakflow_q1_2025_dirty!G29))) -> APAC | H31: =VALUE(TRIM((CLEAN(peakflow_q1_2025_dirty!H29)))) -> 50 | I31: =VALUE(SUBSTITUTE(peakflow_q1_2025_dirty!I29,".","," )) -> 72.26 | J31: =H31*I31 -> 3613 | K31: =TEXT(B31,"MMMM") -> Januar | M31: =IF($D31="Add-On: Analytics",$H31,NA()) -> #N/A | N31: =IF($D31="Add-On: Analytics",$I31,NA()) -> #N/A | O31: =IF($D31="Add-On: Support",$H31,NA()) -> #N/A | P31: =IF($D31="Add-On: Support",$I31,NA()) -> #N/A | Q31: =IF($D31="Business Plan",$H31,NA()) -> #N/A | R31: =IF($D31="Business Plan",$I31,NA()) -> #N/A | S31: =IF($D31="Enterprise Plan",$H31,NA()) -> #N/A | T31: =IF($D31="Enterprise Plan",$I31,NA()) -> #N/A | U31: =IF($D31="Pro Plan",$H31,NA()) -> #N/A | V31: =IF($D31="Pro Plan",$I31,NA()) -> #N/A | W31: =IF($D31="Starter Plan",$H31,NA()) -> 50 | X31: =IF($D31="Starter Plan",$I31,NA()) -> 72.26
A32: =TRIM(CLEAN(PROPER(peakflow_q1_2025_dirty!A30))) -> D-1141 | B32: =DATEVALUE(TRIM(CLEAN(peakflow_q1_2025_dirty!B30))) -> 45667 | C32: =TRIM(CLEAN(PROPER(peakflow_q1_2025_dirty!C30))) -> Nova Inc | D32: =TRIM(CLEAN(PROPER(peakflow_q1_2025_dirty!D30))) -> Enterprise Plan | E32: =TRIM(CLEAN(PROPER(peakflow_q1_2025_dirty!E30))) -> Elena Rossi | F32: =TRIM(CLEAN(PROPER(peakflow_q1_2025_dirty!F30))) -> Lukas Becker | G32: =TRIM(CLEAN(UPPER(peakflow_q1_2025_dirty!G30))) -> APAC | H32: =VALUE(TRIM((CLEAN(peakflow_q1_2025_dirty!H30)))) -> 1 | I32: =VALUE(SUBSTITUTE(peakflow_q1_2025_dirty!I30,".","," )) -> 1234.13 | J32: =H32*I32 -> 1234.13 | K32: =TEXT(B32,"MMMM") -> Januar | M32: =IF($D32="Add-On: Analytics",$H32,NA()) -> #N/A | N32: =IF($D32="Add-On: Analytics",$I32,NA()) -> #N/A | O32: =IF($D32="Add-On: Support",$H32,NA()) -> #N/A | P32: =IF($D32="Add-On: Support",$I32,NA()) -> #N/A | Q32: =IF($D32="Business Plan",$H32,NA()) -> #N/A | R32: =IF($D32="Business Plan",$I32,NA()) -> #N/A | S32: =IF($D32="Enterprise Plan",$H32,NA()) -> 1 | T32: =IF($D32="Enterprise Plan",$I32,NA()) -> 1234.13 | U32: =IF($D32="Pro Plan",$H32,NA()) -> #N/A | V32: =IF($D32="Pro Plan",$I32,NA()) -> #N/A | W32: =IF($D32="Starter Plan",$H32,NA()) -> #N/A | X32: =IF($D32="Starter Plan",$I32,NA()) -> #N/A
A33: =TRIM(CLEAN(PROPER(peakflow_q1_2025_dirty!A31))) -> D-1155 | B33: =DATEVALUE(TRIM(CLEAN(peakflow_q1_2025_dirty!B31))) -> 45667 | C33: =TRIM(CLEAN(PROPER(peakflow_q1_2025_dirty!C31))) -> Juniper Group | D33: =TRIM(CLEAN(PROPER(peakflow_q1_2025_dirty!D31))) -> Pro Plan | E33: =TRIM(CLEAN(PROPER(peakflow_q1_2025_dirty!E31))) -> Nina Petrov | F33: =TRIM(CLEAN(PROPER(peakflow_q1_2025_dirty!F31))) -> Lukas Becker | G33: =TRIM(CLEAN(PROPER(peakflow_q1_2025_dirty!G31))) -> North America | H33: =VALUE(TRIM((CLEAN(peakflow_q1_2025_dirty!H31)))) -> 1 | I33: =VALUE(SUBSTITUTE(peakflow_q1_2025_dirty!I31,".","," )) -> 219.47 | J33: =H33*I33 -> 219.47 | K33: =TEXT(B33,"MMMM") -> Januar | M33: =IF($D33="Add-On: Analytics",$H33,NA()) -> #N/A | N33: =IF($D33="Add-On: Analytics",$I33,NA()) -> #N/A | O33: =IF($D33="Add-On: Support",$H33,NA()) -> #N/A | P33: =IF($D33="Add-On: Support",$I33,NA()) -> #N/A | Q33: =IF($D33="Business Plan",$H33,NA()) -> #N/A | R33: =IF($D33="Business Plan",$I33,NA()) -> #N/A | S33: =IF($D33="Enterprise Plan",$H33,NA()) -> #N/A | T33: =IF($D33="Enterprise Plan",$I33,NA()) -> #N/A | U33: =IF($D33="Pro Plan",$H33,NA()) -> 1 | V33: =IF($D33="Pro Plan",$I33,NA()) -> 219.47 | W33: =IF($D33="Starter Plan",$H33,NA()) -> #N/A | X33: =IF($D33="Starter Plan",$I33,NA()) -> #N/A
A34: =TRIM(CLEAN(PROPER(peakflow_q1_2025_dirty!A32))) -> D-1209 | B34: =DATEVALUE(TRIM(CLEAN(peakflow_q1_2025_dirty!B32))) -> 45667 | C34: =TRIM(CLEAN(PROPER(peakflow_q1_2025_dirty!C32))) -> Lattice Co | D34: =TRIM(CLEAN(PROPER(peakflow_q1_2025_dirty!D32))) -> Pro Plan | E34: =TRIM(CLEAN(PROPER(peakflow_q1_2025_dirty!E32))) -> Elena Rossi | F34: =TRIM(CLEAN(PROPER(peakflow_q1_2025_dirty!F32))) -> Lukas Becker | G34: =TRIM(CLEAN(PROPER(peakflow_q1_2025_dirty!G32))) -> North America | H34: =VALUE(TRIM((CLEAN(peakflow_q1_2025_dirty!H32)))) -> 1 | I34: =VALUE(SUBSTITUTE(peakflow_q1_2025_dirty!I32,".","," )) -> 276.18 | J34: =H34*I34 -> 276.18 | K34: =TEXT(B34,"MMMM") -> Januar | M34: =IF($D34="Add-On: Analytics",$H34,NA()) -> #N/A | N34: =IF($D34="Add-On: Analytics",$I34,NA()) -> #N/A | O34: =IF($D34="Add-On: Support",$H34,NA()) -> #N/A | P34: =IF($D34="Add-On: Support",$I34,NA()) -> #N/A | Q34: =IF($D34="Business Plan",$H34,NA()) -> #N/A | R34: =IF($D34="Business Plan",$I34,NA()) -> #N/A | S34: =IF($D34="Enterprise Plan",$H34,NA()) -> #N/A | T34: =IF($D34="Enterprise Plan",$I34,NA()) -> #N/A | U34: =IF($D34="Pro Plan",$H34,NA()) -> 1 | V34: =IF($D34="Pro Plan",$I34,NA()) -> 276.18 | W34: =IF($D34="Starter Plan",$H34,NA()) -> #N/A | X34: =IF($D34="Starter Plan",$I34,NA()) -> #N/A
A35: =TRIM(CLEAN(PROPER(peakflow_q1_2025_dirty!A33))) -> D-1215 | B35: =DATEVALUE(TRIM(CLEAN(peakflow_q1_2025_dirty!B33))) -> 45667 | C35: =TRIM(CLEAN(PROPER(peakflow_q1_2025_dirty!C33))) -> Helix Systems | D35: =TRIM(CLEAN(PROPER(peakflow_q1_2025_dirty!D33))) -> Starter Plan | E35: =TRIM(CLEAN(PROPER(peakflow_q1_2025_dirty!E33))) -> David Kim | F35: =TRIM(CLEAN(PROPER(peakflow_q1_2025_dirty!F33))) -> Sarah Chen | G35: =TRIM(CLEAN(UPPER(peakflow_q1_2025_dirty!G33))) -> EMEA | H35: =VALUE(TRIM((CLEAN(peakflow_q1_2025_dirty!H33)))) -> 20 | I35: =VALUE(SUBSTITUTE(peakflow_q1_2025_dirty!I33,".","," )) -> 63.25 | J35: =H35*I35 -> 1265 | K35: =TEXT(B35,"MMMM") -> Januar | M35: =IF($D35="Add-On: Analytics",$H35,NA()) -> #N/A | N35: =IF($D35="Add-On: Analytics",$I35,NA()) -> #N/A | O35: =IF($D35="Add-On: Support",$H35,NA()) -> #N/A | P35: =IF($D35="Add-On: Support",$I35,NA()) -> #N/A | Q35: =IF($D35="Business Plan",$H35,NA()) -> #N/A | R35: =IF($D35="Business Plan",$I35,NA()) -> #N/A | S35: =IF($D35="Enterprise Plan",$H35,NA()) -> #N/A | T35: =IF($D35="Enterprise Plan",$I35,NA()) -> #N/A | U35: =IF($D35="Pro Plan",$H35,NA()) -> #N/A | V35: =IF($D35="Pro Plan",$I35,NA()) -> #N/A | W35: =IF($D35="Starter Plan",$H35,NA()) -> 20 | X35: =IF($D35="Starter Plan",$I35,NA()) -> 63.25
A36: =TRIM(CLEAN(PROPER(peakflow_q1_2025_dirty!A34))) -> D-1250 | B36: =DATEVALUE(TRIM(CLEAN(peakflow_q1_2025_dirty!B34))) -> 45667 | C36: =TRIM(CLEAN(PROPER(peakflow_q1_2025_dirty!C34))) -> Kestrel Co | D36: =TRIM(CLEAN(PROPER(peakflow_q1_2025_dirty!D34))) -> Starter Plan | E36: =TRIM(CLEAN(PROPER(peakflow_q1_2025_dirty!E34))) -> James Park | F36: =TRIM(CLEAN(PROPER(peakflow_q1_2025_dirty!F34))) -> Owen Walsh | G36: =TRIM(CLEAN(PROPER(peakflow_q1_2025_dirty!G34))) -> North America | H36: =VALUE(TRIM((CLEAN(peakflow_q1_2025_dirty!H34)))) -> 1 | I36: =VALUE(SUBSTITUTE(peakflow_q1_2025_dirty!I34,".","," )) -> 70.61 | J36: =H36*I36 -> 70.61 | K36: =TEXT(B36,"MMMM") -> Januar | M36: =IF($D36="Add-On: Analytics",$H36,NA()) -> #N/A | N36: =IF($D36="Add-On: Analytics",$I36,NA()) -> #N/A | O36: =IF($D36="Add-On: Support",$H36,NA()) -> #N/A | P36: =IF($D36="Add-On: Support",$I36,NA()) -> #N/A | Q36: =IF($D36="Business Plan",$H36,NA()) -> #N/A | R36: =IF($D36="Business Plan",$I36,NA()) -> #N/A | S36: =IF($D36="Enterprise Plan",$H36,NA()) -> #N/A | T36: =IF($D36="Enterprise Plan",$I36,NA()) -> #N/A | U36: =IF($D36="Pro Plan",$H36,NA()) -> #N/A | V36: =IF($D36="Pro Plan",$I36,NA()) -> #N/A | W36: =IF($D36="Starter Plan",$H36,NA()) -> 1 | X36: =IF($D36="Starter Plan",$I36,NA()) -> 70.61
A37: =TRIM(CLEAN(PROPER(peakflow_q1_2025_dirty!A35))) -> D-1066 | B37: =DATEVALUE(TRIM(CLEAN(peakflow_q1_2025_dirty!B35))) -> 45668 | C37: =TRIM(CLEAN(PROPER(peakflow_q1_2025_dirty!C35))) -> Cascade Group | D37: =TRIM(CLEAN(PROPER(peakflow_q1_2025_dirty!D35))) -> Pro Plan | E37: =TRIM(CLEAN(PROPER(peakflow_q1_2025_dirty!E35))) -> David Kim | F37: =TRIM(CLEAN(PROPER(peakflow_q1_2025_dirty!F35))) -> Sarah Chen | G37: =TRIM(CLEAN(UPPER(peakflow_q1_2025_dirty!G35))) -> EMEA | H37: =VALUE(TRIM((CLEAN(peakflow_q1_2025_dirty!H35)))) -> 2 | I37: =VALUE(SUBSTITUTE(peakflow_q1_2025_dirty!I35,".","," )) -> 171.17 | J37: =H37*I37 -> 342.34 | K37: =TEXT(B37,"MMMM") -> Januar | M37: =IF($D37="Add-On: Analytics",$H37,NA()) -> #N/A | N37: =IF($D37="Add-On: Analytics",$I37,NA()) -> #N/A | O37: =IF($D37="Add-On: Support",$H37,NA()) -> #N/A | P37: =IF($D37="Add-On: Support",$I37,NA()) -> #N/A | Q37: =IF($D37="Business Plan",$H37,NA()) -> #N/A | R37: =IF($D37="Business Plan",$I37,NA()) -> #N/A | S37: =IF($D37="Enterprise Plan",$H37,NA()) -> #N/A | T37: =IF($D37="Enterprise Plan",$I37,NA()) -> #N/A | U37: =IF($D37="Pro Plan",$H37,NA()) -> 2 | V37: =IF($D37="Pro Plan",$I37,NA()) -> 171.17 | W37: =IF($D37="Starter Plan",$H37,NA()) -> #N/A | X37: =IF($D37="Starter Plan",$I37,NA()) -> #N/A
A38: =TRIM(CLEAN(PROPER(peakflow_q1_2025_dirty!A36))) -> D-1153 | B38: =DATEVALUE(TRIM(CLEAN(peakflow_q1_2025_dirty!B36))) -> 45668 | C38: =TRIM(CLEAN(PROPER(peakflow_q1_2025_dirty!C36))) -> Beacon Labs | D38: =TRIM(CLEAN(PROPER(peakflow_q1_2025_dirty!D36))) -> Pro Plan | E38: =TRIM(CLEAN(PROPER(peakflow_q1_2025_dirty!E36))) -> Marcus Johnson | F38: =TRIM(CLEAN(PROPER(peakflow_q1_2025_dirty!F36))) -> Sarah Chen | G38: =TRIM(CLEAN(PROPER(peakflow_q1_2025_dirty!G36))) -> North America | H38: =VALUE(TRIM((CLEAN(peakflow_q1_2025_dirty!H36)))) -> 1 | I38: =VALUE(SUBSTITUTE(peakflow_q1_2025_dirty!I36,".","," )) -> 161.18 | J38: =H38*I38 -> 161.18 | K38: =TEXT(B38,"MMMM") -> Januar | M38: =IF($D38="Add-On: Analytics",$H38,NA()) -> #N/A | N38: =IF($D38="Add-On: Analytics",$I38,NA()) -> #N/A | O38: =IF($D38="Add-On: Support",$H38,NA()) -> #N/A | P38: =IF($D38="Add-On: Support",$I38,NA()) -> #N/A | Q38: =IF($D38="Business Plan",$H38,NA()) -> #N/A | R38: =IF($D38="Business Plan",$I38,NA()) -> #N/A | S38: =IF($D38="Enterprise Plan",$H38,NA()) -> #N/A | T38: =IF($D38="Enterprise Plan",$I38,NA()) -> #N/A | U38: =IF($D38="Pro Plan",$H38,NA()) -> 1 | V38: =IF($D38="Pro Plan",$I38,NA()) -> 161.18 | W38: =IF($D38="Starter Plan",$H38,NA()) -> #N/A | X38: =IF($D38="Starter Plan",$I38,NA()) -> #N/A
A39: =TRIM(CLEAN(PROPER(peakflow_q1_2025_dirty!A37))) -> D-1180 | B39: =DATEVALUE(TRIM(CLEAN(peakflow_q1_2025_dirty!B37))) -> 45668 | C39: =TRIM(CLEAN(PROPER(peakflow_q1_2025_dirty!C37))) -> Quanta Labs | D39: =TRIM(CLEAN(PROPER(peakflow_q1_2025_dirty!D37))) -> Add-On: Analytics | E39: =TRIM(CLEAN(PROPER(peakflow_q1_2025_dirty!E37))) -> Raj Sharma | F39: =TRIM(CLEAN(PROPER(peakflow_q1_2025_dirty!F37))) -> Owen Walsh | G39: =TRIM(CLEAN(UPPER(peakflow_q1_2025_dirty!G37))) -> APAC | H39: =VALUE(TRIM((CLEAN(peakflow_q1_2025_dirty!H37)))) -> 1 | I39: =VALUE(SUBSTITUTE(peakflow_q1_2025_dirty!I37,".","," )) -> 95.39 | J39: =H39*I39 -> 95.39 | K39: =TEXT(B39,"MMMM") -> Januar | M39: =IF($D39="Add-On: Analytics",$H39,NA()) -> 1 | N39: =IF($D39="Add-On: Analytics",$I39,NA()) -> 95.39 | O39: =IF($D39="Add-On: Support",$H39,NA()) -> #N/A | P39: =IF($D39="Add-On: Support",$I39,NA()) -> #N/A | Q39: =IF($D39="Business Plan",$H39,NA()) -> #N/A | R39: =IF($D39="Business Plan",$I39,NA()) -> #N/A | S39: =IF($D39="Enterprise Plan",$H39,NA()) -> #N/A | T39: =IF($D39="Enterprise Plan",$I39,NA()) -> #N/A | U39: =IF($D39="Pro Plan",$H39,NA()) -> #N/A | V39: =IF($D39="Pro Plan",$I39,NA()) -> #N/A | W39: =IF($D39="Starter Plan",$H39,NA()) -> #N/A | X39: =IF($D39="Starter Plan",$I39,NA()) -> #N/A
A40: =TRIM(CLEAN(PROPER(peakflow_q1_2025_dirty!A38))) -> D-1219 | B40: =DATEVALUE(TRIM(CLEAN(peakflow_q1_2025_dirty!B38))) -> 45668 | C40: =TRIM(CLEAN(PROPER(peakflow_q1_2025_dirty!C38))) -> Northwind Co | D40: =TRIM(CLEAN(PROPER(peakflow_q1_2025_dirty!D38))) -> Add-On: Analytics | E40: =TRIM(CLEAN(PROPER(peakflow_q1_2025_dirty!E38))) -> David Kim | F40: =TRIM(CLEAN(PROPER(peakflow_q1_2025_dirty!F38))) -> Sarah Chen | G40: =TRIM(CLEAN(UPPER(peakflow_q1_2025_dirty!G38))) -> EMEA | H40: =VALUE(TRIM((CLEAN(peakflow_q1_2025_dirty!H38)))) -> 1 | I40: =VALUE(SUBSTITUTE(peakflow_q1_2025_dirty!I38,".","," )) -> 63.23 | J40: =H40*I40 -> 63.23 | K40: =TEXT(B40,"MMMM") -> Januar | M40: =IF($D40="Add-On: Analytics",$H40,NA()) -> 1 | N40: =IF($D40="Add-On: Analytics",$I40,NA()) -> 63.23 | O40: =IF($D40="Add-On: Support",$H40,NA()) -> #N/A | P40: =IF($D40="Add-On: Support",$I40,NA()) -> #N/A | Q40: =IF($D40="Business Plan",$H40,NA()) -> #N/A | R40: =IF($D40="Business Plan",$I40,NA()) -> #N/A | S40: =IF($D40="Enterprise Plan",$H40,NA()) -> #N/A | T40: =IF($D40="Enterprise Plan",$I40,NA()) -> #N/A | U40: =IF($D40="Pro Plan",$H40,NA()) -> #N/A | V40: =IF($D40="Pro Plan",$I40,NA()) -> #N/A | W40: =IF($D40="Starter Plan",$H40,NA()) -> #N/A | X40: =IF($D40="Starter Plan",$I40,NA()) -> #N/A
A41: =TRIM(CLEAN(PROPER(peakflow_q1_2025_dirty!A39))) -> D-1001 | B41: =DATEVALUE(TRIM(CLEAN(peakflow_q1_2025_dirty!B39))) -> 45669 | C41: =TRIM(CLEAN(PROPER(peakflow_q1_2025_dirty!C39))) -> Phoenix Co | D41: =TRIM(CLEAN(PROPER(peakflow_q1_2025_dirty!D39))) -> Starter Plan | E41: =TRIM(CLEAN(PROPER(peakflow_q1_2025_dirty!E39))) -> Priya Patel | F41: =TRIM(CLEAN(PROPER(peakflow_q1_2025_dirty!F39))) -> Maya Rodriguez | G41: =TRIM(CLEAN(UPPER(peakflow_q1_2025_dirty!G39))) -> LATAM | H41: =VALUE(TRIM((CLEAN(peakflow_q1_2025_dirty!H39)))) -> 1 | I41: =VALUE(SUBSTITUTE(peakflow_q1_2025_dirty!I39,".","," )) -> 45.33 | J41: =H41*I41 -> 45.33 | K41: =TEXT(B41,"MMMM") -> Januar | M41: =IF($D41="Add-On: Analytics",$H41,NA()) -> #N/A | N41: =IF($D41="Add-On: Analytics",$I41,NA()) -> #N/A | O41: =IF($D41="Add-On: Support",$H41,NA()) -> #N/A | P41: =IF($D41="Add-On: Support",$I41,NA()) -> #N/A | Q41: =IF($D41="Business Plan",$H41,NA()) -> #N/A | R41: =IF($D41="Business Plan",$I41,NA()) -> #N/A | S41: =IF($D41="Enterprise Plan",$H41,NA()) -> #N/A | T41: =IF($D41="Enterprise Plan",$I41,NA()) -> #N/A | U41: =IF($D41="Pro Plan",$H41,NA()) -> #N/A | V41: =IF($D41="Pro Plan",$I41,NA()) -> #N/A | W41: =IF($D41="Starter Plan",$H41,NA()) -> 1 | X41: =IF($D41="Starter Plan",$I41,NA()) -> 45.33
A42: =TRIM(CLEAN(PROPER(peakflow_q1_2025_dirty!A40))) -> D-1009 | B42: =DATEVALUE(TRIM(CLEAN(peakflow_q1_2025_dirty!B40))) -> 45669 | C42: =TRIM(CLEAN(PROPER(peakflow_q1_2025_dirty!C40))) -> Foundry Group | D42: =TRIM(CLEAN(PROPER(peakflow_q1_2025_dirty!D40))) -> Pro Plan | E42: =TRIM(CLEAN(PROPER(peakflow_q1_2025_dirty!E40))) -> Marcus Johnson | F42: =TRIM(CLEAN(PROPER(peakflow_q1_2025_dirty!F40))) -> Sarah Chen | G42: =TRIM(CLEAN(PROPER(peakflow_q1_2025_dirty!G40))) -> North America | H42: =VALUE(TRIM((CLEAN(peakflow_q1_2025_dirty!H40)))) -> 1 | I42: =VALUE(SUBSTITUTE(peakflow_q1_2025_dirty!I40,".","," )) -> 213.81 | J42: =H42*I42 -> 213.81 | K42: =TEXT(B42,"MMMM") -> Januar | M42: =IF($D42="Add-On: Analytics",$H42,NA()) -> #N/A | N42: =IF($D42="Add-On: Analytics",$I42,NA()) -> #N/A | O42: =IF($D42="Add-On: Support",$H42,NA()) -> #N/A | P42: =IF($D42="Add-On: Support",$I42,NA()) -> #N/A | Q42: =IF($D42="Business Plan",$H42,NA()) -> #N/A | R42: =IF($D42="Business Plan",$I42,NA()) -> #N/A | S42: =IF($D42="Enterprise Plan",$H42,NA()) -> #N/A | T42: =IF($D42="Enterprise Plan",$I42,NA()) -> #N/A | U42: =IF($D42="Pro Plan",$H42,NA()) -> 1 | V42: =IF($D42="Pro Plan",$I42,NA()) -> 213.81 | W42: =IF($D42="Starter Plan",$H42,NA()) -> #N/A | X42: =IF($D42="Starter Plan",$I42,NA()) -> #N/A
A43: =TRIM(CLEAN(PROPER(peakflow_q1_2025_dirty!A41))) -> D-1187 | B43: =DATEVALUE(TRIM(CLEAN(peakflow_q1_2025_dirty!B41))) -> 45669 | C43: =TRIM(CLEAN(PROPER(peakflow_q1_2025_dirty!C41))) -> Granite Co | D43: =TRIM(CLEAN(PROPER(peakflow_q1_2025_dirty!D41))) -> Pro Plan | E43: =TRIM(CLEAN(PROPER(peakflow_q1_2025_dirty!E41))) -> Sophie Laurent | F43: =TRIM(CLEAN(PROPER(peakflow_q1_2025_dirty!F41))) -> Maya Rodriguez | G43: =TRIM(CLEAN(PROPER(peakflow_q1_2025_dirty!G41))) -> North America | H43: =VALUE(TRIM((CLEAN(peakflow_q1_2025_dirty!H41)))) -> 2 | I43: =VALUE(SUBSTITUTE(peakflow_q1_2025_dirty!I41,".","," )) -> 251.17 | J43: =H43*I43 -> 502.34 | K43: =TEXT(B43,"MMMM") -> Januar | M43: =IF($D43="Add-On: Analytics",$H43,NA()) -> #N/A | N43: =IF($D43="Add-On: Analytics",$I43,NA()) -> #N/A | O43: =IF($D43="Add-On: Support",$H43,NA()) -> #N/A | P43: =IF($D43="Add-On: Support",$I43,NA()) -> #N/A | Q43: =IF($D43="Business Plan",$H43,NA()) -> #N/A | R43: =IF($D43="Business Plan",$I43,NA()) -> #N/A | S43: =IF($D43="Enterprise Plan",$H43,NA()) -> #N/A | T43: =IF($D43="Enterprise Plan",$I43,NA()) -> #N/A | U43: =IF($D43="Pro Plan",$H43,NA()) -> 2 | V43: =IF($D43="Pro Plan",$I43,NA()) -> 251.17 | W43: =IF($D43="Starter Plan",$H43,NA()) -> #N/A | X43: =IF($D43="Starter Plan",$I43,NA()) -> #N/A
A44: =TRIM(CLEAN(PROPER(peakflow_q1_2025_dirty!A42))) -> D-1220 | B44: =DATEVALUE(TRIM(CLEAN(peakflow_q1_2025_dirty!B42))) -> 45669 | C44: =TRIM(CLEAN(PROPER(peakflow_q1_2025_dirty!C42))) -> Echo Labs | D44: =TRIM(CLEAN(PROPER(peakflow_q1_2025_dirty!D42))) -> Add-On: Analytics | E44: =TRIM(CLEAN(PROPER(peakflow_q1_2025_dirty!E42))) -> Marcus Johnson | F44: =TRIM(CLEAN(PROPER(peakflow_q1_2025_dirty!F42))) -> Sarah Chen | G44: =TRIM(CLEAN(PROPER(peakflow_q1_2025_dirty!G42))) -> North America | H44: =VALUE(TRIM((CLEAN(peakflow_q1_2025_dirty!H42)))) -> 1 | I44: =VALUE(SUBSTITUTE(peakflow_q1_2025_dirty!I42,".","," )) -> 92.43 | J44: =H44*I44 -> 92.43 | K44: =TEXT(B44,"MMMM") -> Januar | M44: =IF($D44="Add-On: Analytics",$H44,NA()) -> 1 | N44: =IF($D44="Add-On: Analytics",$I44,NA()) -> 92.43 | O44: =IF($D44="Add-On: Support",$H44,NA()) -> #N/A | P44: =IF($D44="Add-On: Support",$I44,NA()) -> #N/A | Q44: =IF($D44="Business Plan",$H44,NA()) -> #N/A | R44: =IF($D44="Business Plan",$I44,NA()) -> #N/A | S44: =IF($D44="Enterprise Plan",$H44,NA()) -> #N/A | T44: =IF($D44="Enterprise Plan",$I44,NA()) -> #N/A | U44: =IF($D44="Pro Plan",$H44,NA()) -> #N/A | V44: =IF($D44="Pro Plan",$I44,NA()) -> #N/A | W44: =IF($D44="Starter Plan",$H44,NA()) -> #N/A | X44: =IF($D44="Starter Plan",$I44,NA()) -> #N/A
A45: =TRIM(CLEAN(PROPER(peakflow_q1_2025_dirty!A43))) -> D-1058 | B45: =DATEVALUE(TRIM(CLEAN(peakflow_q1_2025_dirty!B43))) -> 45670 | C45: =TRIM(CLEAN(PROPER(peakflow_q1_2025_dirty!C43))) -> Nimbus Co | D45: =TRIM(CLEAN(PROPER(peakflow_q1_2025_dirty!D43))) -> Business Plan | E45: =TRIM(CLEAN(PROPER(peakflow_q1_2025_dirty!E43))) -> Marcus Johnson | F45: =TRIM(CLEAN(PROPER(peakflow_q1_2025_dirty!F43))) -> Sarah Chen | G45: =TRIM(CLEAN(UPPER(peakflow_q1_2025_dirty!G43))) -> APAC | H45: =VALUE(TRIM((CLEAN(peakflow_q1_2025_dirty!H43)))) -> 5 | I45: =VALUE(SUBSTITUTE(peakflow_q1_2025_dirty!I43,".","," )) -> 422.7 | J45: =H45*I45 -> 2113.5 | K45: =TEXT(B45,"MMMM") -> Januar | M45: =IF($D45="Add-On: Analytics",$H45,NA()) -> #N/A | N45: =IF($D45="Add-On: Analytics",$I45,NA()) -> #N/A | O45: =IF($D45="Add-On: Support",$H45,NA()) -> #N/A | P45: =IF($D45="Add-On: Support",$I45,NA()) -> #N/A | Q45: =IF($D45="Business Plan",$H45,NA()) -> 5 | R45: =IF($D45="Business Plan",$I45,NA()) -> 422.7 | S45: =IF($D45="Enterprise Plan",$H45,NA()) -> #N/A | T45: =IF($D45="Enterprise Plan",$I45,NA()) -> #N/A | U45: =IF($D45="Pro Plan",$H45,NA()) -> #N/A | V45: =IF($D45="Pro Plan",$I45,NA()) -> #N/A | W45: =IF($D45="Starter Plan",$H45,NA()) -> #N/A | X45: =IF($D45="Starter Plan",$I45,NA()) -> #N/A
A46: =TRIM(CLEAN(PROPER(peakflow_q1_2025_dirty!A44))) -> D-1229 | B46: =DATEVALUE(TRIM(CLEAN(peakflow_q1_2025_dirty!B44))) -> 45670 | C46: =TRIM(CLEAN(PROPER(peakflow_q1_2025_dirty!C44))) -> Arcadia Inc | D46: =TRIM(CLEAN(PROPER(peakflow_q1_2025_dirty!D44))) -> Business Plan | E46: =TRIM(CLEAN(PROPER(peakflow_q1_2025_dirty!E44))) -> David Kim | F46: =TRIM(CLEAN(PROPER(peakflow_q1_2025_dirty!F44))) -> Sarah Chen | G46: =TRIM(CLEAN(UPPER(peakflow_q1_2025_dirty!G44))) -> EMEA | H46: =VALUE(TRIM((CLEAN(peakflow_q1_2025_dirty!H44)))) -> 2 | I46: =VALUE(SUBSTITUTE(peakflow_q1_2025_dirty!I44,".","," )) -> 409.02 | J46: =H46*I46 -> 818.04 | K46: =TEXT(B46,"MMMM") -> Januar | M46: =IF($D46="Add-On: Analytics",$H46,NA()) -> #N/A | N46: =IF($D46="Add-On: Analytics",$I46,NA()) -> #N/A | O46: =IF($D46="Add-On: Support",$H46,NA()) -> #N/A | P46: =IF($D46="Add-On: Support",$I46,NA()) -> #N/A | Q46: =IF($D46="Business Plan",$H46,NA()) -> 2 | R46: =IF($D46="Business Plan",$I46,NA()) -> 409.02 | S46: =IF($D46="Enterprise Plan",$H46,NA()) -> #N/A | T46: =IF($D46="Enterprise Plan",$I46,NA()) -> #N/A | U46: =IF($D46="Pro Plan",$H46,NA()) -> #N/A | V46: =IF($D46="Pro Plan",$I46,NA()) -> #N/A | W46: =IF($D46="Starter Plan",$H46,NA()) -> #N/A | X46: =IF($D46="Starter Plan",$I46,NA()) -> #N/A
A47: =TRIM(CLEAN(PROPER(peakflow_q1_2025_dirty!A45))) -> D-1245 | B47: =DATEVALUE(TRIM(CLEAN(peakflow_q1_2025_dirty!B45))) -> 45670 | C47: =TRIM(CLEAN(PROPER(peakflow_q1_2025_dirty!C45))) -> Quill Labs | D47: =TRIM(CLEAN(PROPER(peakflow_q1_2025_dirty!D45))) -> Pro Plan | E47: =TRIM(CLEAN(PROPER(peakflow_q1_2025_dirty!E45))) -> Priya Patel | F47: =TRIM(CLEAN(PROPER(peakflow_q1_2025_dirty!F45))) -> Maya Rodriguez | G47: =TRIM(CLEAN(PROPER(peakflow_q1_2025_dirty!G45))) -> North America | H47: =VALUE(TRIM((CLEAN(peakflow_q1_2025_dirty!H45)))) -> 5 | I47: =VALUE(SUBSTITUTE(peakflow_q1_2025_dirty!I45,".","," )) -> 177.21 | J47: =H47*I47 -> 886.05 | K47: =TEXT(B47,"MMMM") -> Januar | M47: =IF($D47="Add-On: Analytics",$H47,NA()) -> #N/A | N47: =IF($D47="Add-On: Analytics",$I47,NA()) -> #N/A | O47: =IF($D47="Add-On: Support",$H47,NA()) -> #N/A | P47: =IF($D47="Add-On: Support",$I47,NA()) -> #N/A | Q47: =IF($D47="Business Plan",$H47,NA()) -> #N/A | R47: =IF($D47="Business Plan",$I47,NA()) -> #N/A | S47: =IF($D47="Enterprise Plan",$H47,NA()) -> #N/A | T47: =IF($D47="Enterprise Plan",$I47,NA()) -> #N/A | U47: =IF($D47="Pro Plan",$H47,NA()) -> 5 | V47: =IF($D47="Pro Plan",$I47,NA()) -> 177.21 | W47: =IF($D47="Starter Plan",$H47,NA()) -> #N/A | X47: =IF($D47="Starter Plan",$I47,NA()) -> #N/A
A48: =TRIM(CLEAN(PROPER(peakflow_q1_2025_dirty!A46))) -> D-1075 | B48: =DATEVALUE(TRIM(CLEAN(peakflow_q1_2025_dirty!B46))) -> 45671 | C48: =TRIM(CLEAN(PROPER(peakflow_q1_2025_dirty!C46))) -> Beacon Labs | D48: =TRIM(CLEAN(PROPER(peakflow_q1_2025_dirty!D46))) -> Pro Plan | E48: =TRIM(CLEAN(PROPER(peakflow_q1_2025_dirty!E46))) -> Carlos Mendez | F48: =TRIM(CLEAN(PROPER(peakflow_q1_2025_dirty!F46))) -> Maya Rodriguez | G48: =TRIM(CLEAN(UPPER(peakflow_q1_2025_dirty!G46))) -> APAC | H48: =VALUE(TRIM((CLEAN(peakflow_q1_2025_dirty!H46)))) -> 5 | I48: =VALUE(SUBSTITUTE(peakflow_q1_2025_dirty!I46,".","," )) -> 230.19 | J48: =H48*I48 -> 1150.95 | K48: =TEXT(B48,"MMMM") -> Januar | M48: =IF($D48="Add-On: Analytics",$H48,NA()) -> #N/A | N48: =IF($D48="Add-On: Analytics",$I48,NA()) -> #N/A | O48: =IF($D48="Add-On: Support",$H48,NA()) -> #N/A | P48: =IF($D48="Add-On: Support",$I48,NA()) -> #N/A | Q48: =IF($D48="Business Plan",$H48,NA()) -> #N/A | R48: =IF($D48="Business Plan",$I48,NA()) -> #N/A | S48: =IF($D48="Enterprise Plan",$H48,NA()) -> #N/A | T48: =IF($D48="Enterprise Plan",$I48,NA()) -> #N/A | U48: =IF($D48="Pro Plan",$H48,NA()) -> 5 | V48: =IF($D48="Pro Plan",$I48,NA()) -> 230.19 | W48: =IF($D48="Starter Plan",$H48,NA()) -> #N/A | X48: =IF($D48="Starter Plan",$I48,NA()) -> #N/A
A49: =TRIM(CLEAN(PROPER(peakflow_q1_2025_dirty!A47))) -> D-1079 | B49: =DATEVALUE(TRIM(CLEAN(peakflow_q1_2025_dirty!B47))) -> 45671 | C49: =TRIM(CLEAN(PROPER(peakflow_q1_2025_dirty!C47))) -> Onyx Group | D49: =TRIM(CLEAN(PROPER(peakflow_q1_2025_dirty!D47))) -> Starter Plan | E49: =TRIM(CLEAN(PROPER(peakflow_q1_2025_dirty!E47))) -> Nina Petrov | F49: =TRIM(CLEAN(PROPER(peakflow_q1_2025_dirty!F47))) -> Lukas Becker | G49: =TRIM(CLEAN(PROPER(peakflow_q1_2025_dirty!G47))) -> North America | H49: =VALUE(TRIM((CLEAN(peakflow_q1_2025_dirty!H47)))) -> 1 | I49: =VALUE(SUBSTITUTE(peakflow_q1_2025_dirty!I47,".","," )) -> 66.71 | J49: =H49*I49 -> 66.71 | K49: =TEXT(B49,"MMMM") -> Januar | M49: =IF($D49="Add-On: Analytics",$H49,NA()) -> #N/A | N49: =IF($D49="Add-On: Analytics",$I49,NA()) -> #N/A | O49: =IF($D49="Add-On: Support",$H49,NA()) -> #N/A | P49: =IF($D49="Add-On: Support",$I49,NA()) -> #N/A | Q49: =IF($D49="Business Plan",$H49,NA()) -> #N/A | R49: =IF($D49="Business Plan",$I49,NA()) -> #N/A | S49: =IF($D49="Enterprise Plan",$H49,NA()) -> #N/A | T49: =IF($D49="Enterprise Plan",$I49,NA()) -> #N/A | U49: =IF($D49="Pro Plan",$H49,NA()) -> #N/A | V49: =IF($D49="Pro Plan",$I49,NA()) -> #N/A | W49: =IF($D49="Starter Plan",$H49,NA()) -> 1 | X49: =IF($D49="Starter Plan",$I49,NA()) -> 66.71
A50: =TRIM(CLEAN(PROPER(peakflow_q1_2025_dirty!A48))) -> D-1169 | B50: =DATEVALUE(TRIM(CLEAN(peakflow_q1_2025_dirty!B48))) -> 45671 | C50: =TRIM(CLEAN(PROPER(peakflow_q1_2025_dirty!C48))) -> Quartz Co | D50: =TRIM(CLEAN(PROPER(peakflow_q1_2025_dirty!D48))) -> Business Plan | E50: =TRIM(CLEAN(PROPER(peakflow_q1_2025_dirty!E48))) -> David Kim | F50: =TRIM(CLEAN(PROPER(peakflow_q1_2025_dirty!F48))) -> Sarah Chen | G50: =TRIM(CLEAN(UPPER(peakflow_q1_2025_dirty!G48))) -> EMEA | H50: =VALUE(TRIM((CLEAN(peakflow_q1_2025_dirty!H48)))) -> 1 | I50: =VALUE(SUBSTITUTE(peakflow_q1_2025_dirty!I48,".","," )) -> 426.07 | J50: =H50*I50 -> 426.07 | K50: =TEXT(B50,"MMMM") -> Januar | M50: =IF($D50="Add-On: Analytics",$H50,NA()) -> #N/A | N50: =IF($D50="Add-On: Analytics",$I50,NA()) -> #N/A | O50: =IF($D50="Add-On: Support",$H50,NA()) -> #N/A | P50: =IF($D50="Add-On: Support",$I50,NA()) -> #N/A | Q50: =IF($D50="Business Plan",$H50,NA()) -> 1 | R50: =IF($D50="Business Plan",$I50,NA()) -> 426.07 | S50: =IF($D50="Enterprise Plan",$H50,NA()) -> #N/A | T50: =IF($D50="Enterprise Plan",$I50,NA()) -> #N/A | U50: =IF($D50="Pro Plan",$H50,NA()) -> #N/A | V50: =IF($D50="Pro Plan",$I50,NA()) -> #N/A | W50: =IF($D50="Starter Plan",$H50,NA()) -> #N/A | X50: =IF($D50="Starter Plan",$I50,NA()) -> #N/A
A51: =TRIM(CLEAN(PROPER(peakflow_q1_2025_dirty!A49))) -> D-1234 | B51: =DATEVALUE(TRIM(CLEAN(peakflow_q1_2025_dirty!B49))) -> 45671 | C51: =TRIM(CLEAN(PROPER(peakflow_q1_2025_dirty!C49))) -> Pacific Co | D51: =TRIM(CLEAN(PROPER(peakflow_q1_2025_dirty!D49))) -> Pro Plan | E51: =TRIM(CLEAN(PROPER(peakflow_q1_2025_dirty!E49))) -> Priya Patel | F51: =TRIM(CLEAN(PROPER(peakflow_q1_2025_dirty!F49))) -> Maya Rodriguez | G51: =TRIM(CLEAN(PROPER(peakflow_q1_2025_dirty!G49))) -> North America | H51: =VALUE(TRIM((CLEAN(peakflow_q1_2025_dirty!H49)))) -> 2 | I51: =VALUE(SUBSTITUTE(peakflow_q1_2025_dirty!I49,".","," )) -> 233.74 | J51: =H51*I51 -> 467.48 | K51: =TEXT(B51,"MMMM") -> Januar | M51: =IF($D51="Add-On: Analytics",$H51,NA()) -> #N/A | N51: =IF($D51="Add-On: Analytics",$I51,NA()) -> #N/A | O51: =IF($D51="Add-On: Support",$H51,NA()) -> #N/A | P51: =IF($D51="Add-On: Support",$I51,NA()) -> #N/A | Q51: =IF($D51="Business Plan",$H51,NA()) -> #N/A | R51: =IF($D51="Business Plan",$I51,NA()) -> #N/A | S51: =IF($D51="Enterprise Plan",$H51,NA()) -> #N/A | T51: =IF($D51="Enterprise Plan",$I51,NA()) -> #N/A | U51: =IF($D51="Pro Plan",$H51,NA()) -> 2 | V51: =IF($D51="Pro Plan",$I51,NA()) -> 233.74 | W51: =IF($D51="Starter Plan",$H51,NA()) -> #N/A | X51: =IF($D51="Starter Plan",$I51,NA()) -> #N/A
A52: =TRIM(CLEAN(PROPER(peakflow_q1_2025_dirty!A50))) -> D-1198 | B52: =DATEVALUE(TRIM(CLEAN(peakflow_q1_2025_dirty!B50))) -> 45672 | C52: =TRIM(CLEAN(PROPER(peakflow_q1_2025_dirty!C50))) -> Juniper Group | D52: =TRIM(CLEAN(PROPER(peakflow_q1_2025_dirty!D50))) -> Business Plan | E52: =TRIM(CLEAN(PROPER(peakflow_q1_2025_dirty!E50))) -> Aisha Hassan | F52: =TRIM(CLEAN(PROPER(peakflow_q1_2025_dirty!F50))) -> Sarah Chen | G52: =TRIM(CLEAN(UPPER(peakflow_q1_2025_dirty!G50))) -> EMEA | H52: =VALUE(TRIM((CLEAN(peakflow_q1_2025_dirty!H50)))) -> 1 | I52: =VALUE(SUBSTITUTE(peakflow_q1_2025_dirty!I50,".","," )) -> 420.94 | J52: =H52*I52 -> 420.94 | K52: =TEXT(B52,"MMMM") -> Januar | M52: =IF($D52="Add-On: Analytics",$H52,NA()) -> #N/A | N52: =IF($D52="Add-On: Analytics",$I52,NA()) -> #N/A | O52: =IF($D52="Add-On: Support",$H52,NA()) -> #N/A | P52: =IF($D52="Add-On: Support",$I52,NA()) -> #N/A | Q52: =IF($D52="Business Plan",$H52,NA()) -> 1 | R52: =IF($D52="Business Plan",$I52,NA()) -> 420.94 | S52: =IF($D52="Enterprise Plan",$H52,NA()) -> #N/A | T52: =IF($D52="Enterprise Plan",$I52,NA()) -> #N/A | U52: =IF($D52="Pro Plan",$H52,NA()) -> #N/A | V52: =IF($D52="Pro Plan",$I52,NA()) -> #N/A | W52: =IF($D52="Starter Plan",$H52,NA()) -> #N/A | X52: =IF($D52="Starter Plan",$I52,NA()) -> #N/A
A53: =TRIM(CLEAN(PROPER(peakflow_q1_2025_dirty!A52))) -> D-1011 | B53: =DATEVALUE(TRIM(CLEAN(peakflow_q1_2025_dirty!B52))) -> 45674 | C53: =TRIM(CLEAN(PROPER(peakflow_q1_2025_dirty!C52))) -> Harbor Inc | D53: =TRIM(CLEAN(PROPER(peakflow_q1_2025_dirty!D52))) -> Business Plan | E53: =TRIM(CLEAN(PROPER(peakflow_q1_2025_dirty!E52))) -> James Park | F53: =TRIM(CLEAN(PROPER(peakflow_q1_2025_dirty!F52))) -> Owen Walsh | G53: =TRIM(CLEAN(PROPER(peakflow_q1_2025_dirty!G52))) -> North America | H53: =VALUE(TRIM((CLEAN(peakflow_q1_2025_dirty!H52)))) -> 1 | I53: =VALUE(SUBSTITUTE(peakflow_q1_2025_dirty!I52,".","," )) -> 410.61 | J53: =H53*I53 -> 410.61 | K53: =TEXT(B53,"MMMM") -> Januar | M53: =IF($D53="Add-On: Analytics",$H53,NA()) -> #N/A | N53: =IF($D53="Add-On: Analytics",$I53,NA()) -> #N/A | O53: =IF($D53="Add-On: Support",$H53,NA()) -> #N/A | P53: =IF($D53="Add-On: Support",$I53,NA()) -> #N/A | Q53: =IF($D53="Business Plan",$H53,NA()) -> 1 | R53: =IF($D53="Business Plan",$I53,NA()) -> 410.61 | S53: =IF($D53="Enterprise Plan",$H53,NA()) -> #N/A | T53: =IF($D53="Enterprise Plan",$I53,NA()) -> #N/A | U53: =IF($D53="Pro Plan",$H53,NA()) -> #N/A | V53: =IF($D53="Pro Plan",$I53,NA()) -> #N/A | W53: =IF($D53="Starter Plan",$H53,NA()) -> #N/A | X53: =IF($D53="Starter Plan",$I53,NA()) -> #N/A
A54: =TRIM(CLEAN(PROPER(peakflow_q1_2025_dirty!A53))) -> D-1041 | B54: =DATEVALUE(TRIM(CLEAN(peakflow_q1_2025_dirty!B53))) -> 45674 | C54: =TRIM(CLEAN(PROPER(peakflow_q1_2025_dirty!C53))) -> Nova Inc | D54: =TRIM(CLEAN(PROPER(peakflow_q1_2025_dirty!D53))) -> Business Plan | E54: =TRIM(CLEAN(PROPER(peakflow_q1_2025_dirty!E53))) -> Aisha Hassan | F54: =TRIM(CLEAN(PROPER(peakflow_q1_2025_dirty!F53))) -> Sarah Chen | G54: =TRIM(CLEAN(UPPER(peakflow_q1_2025_dirty!G53))) -> APAC | H54: =VALUE(TRIM((CLEAN(peakflow_q1_2025_dirty!H53)))) -> 1 | I54: =VALUE(SUBSTITUTE(peakflow_q1_2025_dirty!I53,".","," )) -> 451.68 | J54: =H54*I54 -> 451.68 | K54: =TEXT(B54,"MMMM") -> Januar | M54: =IF($D54="Add-On: Analytics",$H54,NA()) -> #N/A | N54: =IF($D54="Add-On: Analytics",$I54,NA()) -> #N/A | O54: =IF($D54="Add-On: Support",$H54,NA()) -> #N/A | P54: =IF($D54="Add-On: Support",$I54,NA()) -> #N/A | Q54: =IF($D54="Business Plan",$H54,NA()) -> 1 | R54: =IF($D54="Business Plan",$I54,NA()) -> 451.68 | S54: =IF($D54="Enterprise Plan",$H54,NA()) -> #N/A | T54: =IF($D54="Enterprise Plan",$I54,NA()) -> #N/A | U54: =IF($D54="Pro Plan",$H54,NA()) -> #N/A | V54: =IF($D54="Pro Plan",$I54,NA()) -> #N/A | W54: =IF($D54="Starter Plan",$H54,NA()) -> #N/A | X54: =IF($D54="Starter Plan",$I54,NA()) -> #N/A
A55: =TRIM(CLEAN(PROPER(peakflow_q1_2025_dirty!A54))) -> D-1106 | B55: =DATEVALUE(TRIM(CLEAN(peakflow_q1_2025_dirty!B54))) -> 45674 | C55: =TRIM(CLEAN(PROPER(peakflow_q1_2025_dirty!C54))) -> Vertex Inc | D55: =TRIM(CLEAN(PROPER(peakflow_q1_2025_dirty!D54))) -> Enterprise Plan | E55: =TRIM(CLEAN(PROPER(peakflow_q1_2025_dirty!E54))) -> Marcus Johnson | F55: =TRIM(CLEAN(PROPER(peakflow_q1_2025_dirty!F54))) -> Sarah Chen | G55: =TRIM(CLEAN(UPPER(peakflow_q1_2025_dirty!G54))) -> LATAM | H55: =VALUE(TRIM((CLEAN(peakflow_q1_2025_dirty!H54)))) -> 20 | I55: =VALUE(SUBSTITUTE(peakflow_q1_2025_dirty!I54,".","," )) -> 1180.76 | J55: =H55*I55 -> 23615.2 | K55: =TEXT(B55,"MMMM") -> Januar | M55: =IF($D55="Add-On: Analytics",$H55,NA()) -> #N/A | N55: =IF($D55="Add-On: Analytics",$I55,NA()) -> #N/A | O55: =IF($D55="Add-On: Support",$H55,NA()) -> #N/A | P55: =IF($D55="Add-On: Support",$I55,NA()) -> #N/A | Q55: =IF($D55="Business Plan",$H55,NA()) -> #N/A | R55: =IF($D55="Business Plan",$I55,NA()) -> #N/A | S55: =IF($D55="Enterprise Plan",$H55,NA()) -> 20 | T55: =IF($D55="Enterprise Plan",$I55,NA()) -> 1180.76 | U55: =IF($D55="Pro Plan",$H55,NA()) -> #N/A | V55: =IF($D55="Pro Plan",$I55,NA()) -> #N/A | W55: =IF($D55="Starter Plan",$H55,NA()) -> #N/A | X55: =IF($D55="Starter Plan",$I55,NA()) -> #N/A
A56: =TRIM(CLEAN(PROPER(peakflow_q1_2025_dirty!A55))) -> D-1109 | B56: =DATEVALUE(TRIM(CLEAN(peakflow_q1_2025_dirty!B55))) -> 45674 | C56: =TRIM(CLEAN(PROPER(peakflow_q1_2025_dirty!C55))) -> Stellar Co | D56: =TRIM(CLEAN(PROPER(peakflow_q1_2025_dirty!D55))) -> Pro Plan | E56: =TRIM(CLEAN(PROPER(peakflow_q1_2025_dirty!E55))) -> Aisha Hassan | F56: =TRIM(CLEAN(PROPER(peakflow_q1_2025_dirty!F55))) -> Sarah Chen | G56: =TRIM(CLEAN(PROPER(peakflow_q1_2025_dirty!G55))) -> North America | H56: =VALUE(TRIM((CLEAN(peakflow_q1_2025_dirty!H55)))) -> 50 | I56: =VALUE(SUBSTITUTE(peakflow_q1_2025_dirty!I55,".","," )) -> 214.71 | J56: =H56*I56 -> 10735.5 | K56: =TEXT(B56,"MMMM") -> Januar | M56: =IF($D56="Add-On: Analytics",$H56,NA()) -> #N/A | N56: =IF($D56="Add-On: Analytics",$I56,NA()) -> #N/A | O56: =IF($D56="Add-On: Support",$H56,NA()) -> #N/A | P56: =IF($D56="Add-On: Support",$I56,NA()) -> #N/A | Q56: =IF($D56="Business Plan",$H56,NA()) -> #N/A | R56: =IF($D56="Business Plan",$I56,NA()) -> #N/A | S56: =IF($D56="Enterprise Plan",$H56,NA()) -> #N/A | T56: =IF($D56="Enterprise Plan",$I56,NA()) -> #N/A | U56: =IF($D56="Pro Plan",$H56,NA()) -> 50 | V56: =IF($D56="Pro Plan",$I56,NA()) -> 214.71 | W56: =IF($D56="Starter Plan",$H56,NA()) -> #N/A | X56: =IF($D56="Starter Plan",$I56,NA()) -> #N/A
A57: =TRIM(CLEAN(PROPER(peakflow_q1_2025_dirty!A56))) -> D-1172 | B57: =DATEVALUE(TRIM(CLEAN(peakflow_q1_2025_dirty!B56))) -> 45674 | C57: =TRIM(CLEAN(PROPER(peakflow_q1_2025_dirty!C56))) -> Pacific Co | D57: =TRIM(CLEAN(PROPER(peakflow_q1_2025_dirty!D56))) -> Add-On: Analytics | E57: =TRIM(CLEAN(PROPER(peakflow_q1_2025_dirty!E56))) -> David Kim | F57: =TRIM(CLEAN(PROPER(peakflow_q1_2025_dirty!F56))) -> Sarah Chen | G57: =TRIM(CLEAN(PROPER(peakflow_q1_2025_dirty!G56))) -> North America | H57: =VALUE(TRIM((CLEAN(peakflow_q1_2025_dirty!H56)))) -> 10 | I57: =VALUE(SUBSTITUTE(peakflow_q1_2025_dirty!I56,".","," )) -> 82.73 | J57: =H57*I57 -> 827.3 | K57: =TEXT(B57,"MMMM") -> Januar | M57: =IF($D57="Add-On: Analytics",$H57,NA()) -> 10 | N57: =IF($D57="Add-On: Analytics",$I57,NA()) -> 82.73 | O57: =IF($D57="Add-On: Support",$H57,NA()) -> #N/A | P57: =IF($D57="Add-On: Support",$I57,NA()) -> #N/A | Q57: =IF($D57="Business Plan",$H57,NA()) -> #N/A | R57: =IF($D57="Business Plan",$I57,NA()) -> #N/A | S57: =IF($D57="Enterprise Plan",$H57,NA()) -> #N/A | T57: =IF($D57="Enterprise Plan",$I57,NA()) -> #N/A | U57: =IF($D57="Pro Plan",$H57,NA()) -> #N/A | V57: =IF($D57="Pro Plan",$I57,NA()) -> #N/A | W57: =IF($D57="Starter Plan",$H57,NA()) -> #N/A | X57: =IF($D57="Starter Plan",$I57,NA()) -> #N/A
A58: =TRIM(CLEAN(PROPER(peakflow_q1_2025_dirty!A57))) -> D-1037 | B58: =DATEVALUE(TRIM(CLEAN(peakflow_q1_2025_dirty!B57))) -> 45675 | C58: =TRIM(CLEAN(PROPER(peakflow_q1_2025_dirty!C57))) -> Quill Labs | D58: =TRIM(CLEAN(PROPER(peakflow_q1_2025_dirty!D57))) -> Business Plan | E58: =TRIM(CLEAN(PROPER(peakflow_q1_2025_dirty!E57))) -> Elena Rossi | F58: =TRIM(CLEAN(PROPER(peakflow_q1_2025_dirty!F57))) -> Lukas Becker | G58: =TRIM(CLEAN(UPPER(peakflow_q1_2025_dirty!G57))) -> APAC | H58: =VALUE(TRIM((CLEAN(peakflow_q1_2025_dirty!H57)))) -> 1 | I58: =VALUE(SUBSTITUTE(peakflow_q1_2025_dirty!I57,".","," )) -> 389.23 | J58: =H58*I58 -> 389.23 | K58: =TEXT(B58,"MMMM") -> Januar | M58: =IF($D58="Add-On: Analytics",$H58,NA()) -> #N/A | N58: =IF($D58="Add-On: Analytics",$I58,NA()) -> #N/A | O58: =IF($D58="Add-On: Support",$H58,NA()) -> #N/A | P58: =IF($D58="Add-On: Support",$I58,NA()) -> #N/A | Q58: =IF($D58="Business Plan",$H58,NA()) -> 1 | R58: =IF($D58="Business Plan",$I58,NA()) -> 389.23 | S58: =IF($D58="Enterprise Plan",$H58,NA()) -> #N/A | T58: =IF($D58="Enterprise Plan",$I58,NA()) -> #N/A | U58: =IF($D58="Pro Plan",$H58,NA()) -> #N/A | V58: =IF($D58="Pro Plan",$I58,NA()) -> #N/A | W58: =IF($D58="Starter Plan",$H58,NA()) -> #N/A | X58: =IF($D58="Starter Plan",$I58,NA()) -> #N/A
A59: =TRIM(CLEAN(PROPER(peakflow_q1_2025_dirty!A58))) -> D-1148 | B59: =DATEVALUE(TRIM(CLEAN(peakflow_q1_2025_dirty!B58))) -> 45675 | C59: =TRIM(CLEAN(PROPER(peakflow_q1_2025_dirty!C58))) -> Catalyst Inc | D59: =TRIM(CLEAN(PROPER(peakflow_q1_2025_dirty!D58))) -> Business Plan | E59: =TRIM(CLEAN(PROPER(peakflow_q1_2025_dirty!E58))) -> Aisha Hassan | F59: =TRIM(CLEAN(PROPER(peakflow_q1_2025_dirty!F58))) -> Sarah Chen | G59: =TRIM(CLEAN(PROPER(peakflow_q1_2025_dirty!G58))) -> North America | H59: =VALUE(TRIM((CLEAN(peakflow_q1_2025_dirty!H58)))) -> 1 | I59: =VALUE(SUBSTITUTE(peakflow_q1_2025_dirty!I58,".","," )) -> 407.67 | J59: =H59*I59 -> 407.67 | K59: =TEXT(B59,"MMMM") -> Januar | M59: =IF($D59="Add-On: Analytics",$H59,NA()) -> #N/A | N59: =IF($D59="Add-On: Analytics",$I59,NA()) -> #N/A | O59: =IF($D59="Add-On: Support",$H59,NA()) -> #N/A | P59: =IF($D59="Add-On: Support",$I59,NA()) -> #N/A | Q59: =IF($D59="Business Plan",$H59,NA()) -> 1 | R59: =IF($D59="Business Plan",$I59,NA()) -> 407.67 | S59: =IF($D59="Enterprise Plan",$H59,NA()) -> #N/A | T59: =IF($D59="Enterprise Plan",$I59,NA()) -> #N/A | U59: =IF($D59="Pro Plan",$H59,NA()) -> #N/A | V59: =IF($D59="Pro Plan",$I59,NA()) -> #N/A | W59: =IF($D59="Starter Plan",$H59,NA()) -> #N/A | X59: =IF($D59="Starter Plan",$I59,NA()) -> #N/A
A60: =TRIM(CLEAN(PROPER(peakflow_q1_2025_dirty!A59))) -> D-1244 | B60: =DATEVALUE(TRIM(CLEAN(peakflow_q1_2025_dirty!B59))) -> 45675 | C60: =TRIM(CLEAN(PROPER(peakflow_q1_2025_dirty!C59))) -> Cascade Group | D60: =TRIM(CLEAN(PROPER(peakflow_q1_2025_dirty!D59))) -> Pro Plan | E60: =TRIM(CLEAN(PROPER(peakflow_q1_2025_dirty!E59))) -> James Park | F60: =TRIM(CLEAN(PROPER(peakflow_q1_2025_dirty!F59))) -> Owen Walsh | G60: =TRIM(CLEAN(PROPER(peakflow_q1_2025_dirty!G59))) -> North America | H60: =VALUE(TRIM((CLEAN(peakflow_q1_2025_dirty!H59)))) -> 1 | I60: =VALUE(SUBSTITUTE(peakflow_q1_2025_dirty!I59,".","," )) -> 295.34 | J60: =H60*I60 -> 295.34 | K60: =TEXT(B60,"MMMM") -> Januar | M60: =IF($D60="Add-On: Analytics",$H60,NA()) -> #N/A | N60: =IF($D60="Add-On: Analytics",$I60,NA()) -> #N/A | O60: =IF($D60="Add-On: Support",$H60,NA()) -> #N/A | P60: =IF($D60="Add-On: Support",$I60,NA()) -> #N/A | Q60: =IF($D60="Business Plan",$H60,NA()) -> #N/A | R60: =IF($D60="Business Plan",$I60,NA()) -> #N/A | S60: =IF($D60="Enterprise Plan",$H60,NA()) -> #N/A | T60: =IF($D60="Enterprise Plan",$I60,NA()) -> #N/A | U60: =IF($D60="Pro Plan",$H60,NA()) -> 1 | V60: =IF($D60="Pro Plan",$I60,NA()) -> 295.34 | W60: =IF($D60="Starter Plan",$H60,NA()) -> #N/A | X60: =IF($D60="Starter Plan",$I60,NA()) -> #N/A
A61: =TRIM(CLEAN(PROPER(peakflow_q1_2025_dirty!A60))) -> D-1182 | B61: =DATEVALUE(TRIM(CLEAN(peakflow_q1_2025_dirty!B60))) -> 45676 | C61: =TRIM(CLEAN(PROPER(peakflow_q1_2025_dirty!C60))) -> Vertex Inc | D61: =TRIM(CLEAN(PROPER(peakflow_q1_2025_dirty!D60))) -> Starter Plan | E61: =TRIM(CLEAN(PROPER(peakflow_q1_2025_dirty!E60))) -> Hannah Lee | F61: =TRIM(CLEAN(PROPER(peakflow_q1_2025_dirty!F60))) -> Owen Walsh | G61: =TRIM(CLEAN(PROPER(peakflow_q1_2025_dirty!G60))) -> North America | H61: =VALUE(TRIM((CLEAN(peakflow_q1_2025_dirty!H60)))) -> 10 | I61: =VALUE(SUBSTITUTE(peakflow_q1_2025_dirty!I60,".","," )) -> 71.39 | J61: =H61*I61 -> 713.9 | K61: =TEXT(B61,"MMMM") -> Januar | M61: =IF($D61="Add-On: Analytics",$H61,NA()) -> #N/A | N61: =IF($D61="Add-On: Analytics",$I61,NA()) -> #N/A | O61: =IF($D61="Add-On: Support",$H61,NA()) -> #N/A | P61: =IF($D61="Add-On: Support",$I61,NA()) -> #N/A | Q61: =IF($D61="Business Plan",$H61,NA()) -> #N/A | R61: =IF($D61="Business Plan",$I61,NA()) -> #N/A | S61: =IF($D61="Enterprise Plan",$H61,NA()) -> #N/A | T61: =IF($D61="Enterprise Plan",$I61,NA()) -> #N/A | U61: =IF($D61="Pro Plan",$H61,NA()) -> #N/A | V61: =IF($D61="Pro Plan",$I61,NA()) -> #N/A | W61: =IF($D61="Starter Plan",$H61,NA()) -> 10 | X61: =IF($D61="Starter Plan",$I61,NA()) -> 71.39
A62: =TRIM(CLEAN(PROPER(peakflow_q1_2025_dirty!A61))) -> D-1012 | B62: =DATEVALUE(TRIM(CLEAN(peakflow_q1_2025_dirty!B61))) -> 45677 | C62: =TRIM(CLEAN(PROPER(peakflow_q1_2025_dirty!C61))) -> Lumen Labs | D62: =TRIM(CLEAN(PROPER(peakflow_q1_2025_dirty!D61))) -> Add-On: Analytics | E62: =TRIM(CLEAN(PROPER(peakflow_q1_2025_dirty!E61))) -> Priya Patel | F62: =TRIM(CLEAN(PROPER(peakflow_q1_2025_dirty!F61))) -> Maya Rodriguez | G62: =TRIM(CLEAN(UPPER(peakflow_q1_2025_dirty!G61))) -> LATAM | H62: =VALUE(TRIM((CLEAN(peakflow_q1_2025_dirty!H61)))) -> 5 | I62: =VALUE(SUBSTITUTE(peakflow_q1_2025_dirty!I61,".","," )) -> 103.1 | J62: =H62*I62 -> 515.5 | K62: =TEXT(B62,"MMMM") -> Januar | M62: =IF($D62="Add-On: Analytics",$H62,NA()) -> 5 | N62: =IF($D62="Add-On: Analytics",$I62,NA()) -> 103.1 | O62: =IF($D62="Add-On: Support",$H62,NA()) -> #N/A | P62: =IF($D62="Add-On: Support",$I62,NA()) -> #N/A | Q62: =IF($D62="Business Plan",$H62,NA()) -> #N/A | R62: =IF($D62="Business Plan",$I62,NA()) -> #N/A | S62: =IF($D62="Enterprise Plan",$H62,NA()) -> #N/A | T62: =IF($D62="Enterprise Plan",$I62,NA()) -> #N/A | U62: =IF($D62="Pro Plan",$H62,NA()) -> #N/A | V62: =IF($D62="Pro Plan",$I62,NA()) -> #N/A | W62: =IF($D62="Starter Plan",$H62,NA()) -> #N/A | X62: =IF($D62="Starter Plan",$I62,NA()) -> #N/A
A63: =TRIM(CLEAN(PROPER(peakflow_q1_2025_dirty!A62))) -> D-1067 | B63: =DATEVALUE(TRIM(CLEAN(peakflow_q1_2025_dirty!B62))) -> 45677 | C63: =TRIM(CLEAN(PROPER(peakflow_q1_2025_dirty!C62))) -> Onyx Group | D63: =TRIM(CLEAN(PROPER(peakflow_q1_2025_dirty!D62))) -> Starter Plan | E63: =TRIM(CLEAN(PROPER(peakflow_q1_2025_dirty!E62))) -> Raj Sharma | F63: =TRIM(CLEAN(PROPER(peakflow_q1_2025_dirty!F62))) -> Owen Walsh | G63: =TRIM(CLEAN(UPPER(peakflow_q1_2025_dirty!G62))) -> LATAM | H63: =VALUE(TRIM((CLEAN(peakflow_q1_2025_dirty!H62)))) -> 20 | I63: =VALUE(SUBSTITUTE(peakflow_q1_2025_dirty!I62,".","," )) -> 49.8 | J63: =H63*I63 -> 996 | K63: =TEXT(B63,"MMMM") -> Januar | M63: =IF($D63="Add-On: Analytics",$H63,NA()) -> #N/A | N63: =IF($D63="Add-On: Analytics",$I63,NA()) -> #N/A | O63: =IF($D63="Add-On: Support",$H63,NA()) -> #N/A | P63: =IF($D63="Add-On: Support",$I63,NA()) -> #N/A | Q63: =IF($D63="Business Plan",$H63,NA()) -> #N/A | R63: =IF($D63="Business Plan",$I63,NA()) -> #N/A | S63: =IF($D63="Enterprise Plan",$H63,NA()) -> #N/A | T63: =IF($D63="Enterprise Plan",$I63,NA()) -> #N/A | U63: =IF($D63="Pro Plan",$H63,NA()) -> #N/A | V63: =IF($D63="Pro Plan",$I63,NA()) -> #N/A | W63: =IF($D63="Starter Plan",$H63,NA()) -> 20 | X63: =IF($D63="Starter Plan",$I63,NA()) -> 49.8
A64: =TRIM(CLEAN(PROPER(peakflow_q1_2025_dirty!A63))) -> D-1085 | B64: =DATEVALUE(TRIM(CLEAN(peakflow_q1_2025_dirty!B63))) -> 45677 | C64: =TRIM(CLEAN(PROPER(peakflow_q1_2025_dirty!C63))) -> Solstice Group | D64: =TRIM(CLEAN(PROPER(peakflow_q1_2025_dirty!D63))) -> Starter Plan | E64: =TRIM(CLEAN(PROPER(peakflow_q1_2025_dirty!E63))) -> David Kim | F64: =TRIM(CLEAN(PROPER(peakflow_q1_2025_dirty!F63))) -> Sarah Chen | G64: =TRIM(CLEAN(UPPER(peakflow_q1_2025_dirty!G63))) -> LATAM | H64: =VALUE(TRIM((CLEAN(peakflow_q1_2025_dirty!H63)))) -> 5 | I64: =VALUE(SUBSTITUTE(peakflow_q1_2025_dirty!I63,".","," )) -> 58.38 | J64: =H64*I64 -> 291.9 | K64: =TEXT(B64,"MMMM") -> Januar | M64: =IF($D64="Add-On: Analytics",$H64,NA()) -> #N/A | N64: =IF($D64="Add-On: Analytics",$I64,NA()) -> #N/A | O64: =IF($D64="Add-On: Support",$H64,NA()) -> #N/A | P64: =IF($D64="Add-On: Support",$I64,NA()) -> #N/A | Q64: =IF($D64="Business Plan",$H64,NA()) -> #N/A | R64: =IF($D64="Business Plan",$I64,NA()) -> #N/A | S64: =IF($D64="Enterprise Plan",$H64,NA()) -> #N/A | T64: =IF($D64="Enterprise Plan",$I64,NA()) -> #N/A | U64: =IF($D64="Pro Plan",$H64,NA()) -> #N/A | V64: =IF($D64="Pro Plan",$I64,NA()) -> #N/A | W64: =IF($D64="Starter Plan",$H64,NA()) -> 5 | X64: =IF($D64="Starter Plan",$I64,NA()) -> 58.38
A65: =TRIM(CLEAN(PROPER(peakflow_q1_2025_dirty!A64))) -> D-1167 | B65: =DATEVALUE(TRIM(CLEAN(peakflow_q1_2025_dirty!B64))) -> 45677 | C65: =TRIM(CLEAN(PROPER(peakflow_q1_2025_dirty!C64))) -> Lattice Co | D65: =TRIM(CLEAN(PROPER(peakflow_q1_2025_dirty!D64))) -> Business Plan | E65: =TRIM(CLEAN(PROPER(peakflow_q1_2025_dirty!E64))) -> Marcus Johnson | F65: =TRIM(CLEAN(PROPER(peakflow_q1_2025_dirty!F64))) -> Sarah Chen | G65: =TRIM(CLEAN(PROPER(peakflow_q1_2025_dirty!G64))) -> North America | H65: =VALUE(TRIM((CLEAN(peakflow_q1_2025_dirty!H64)))) -> 5 | I65: =VALUE(SUBSTITUTE(peakflow_q1_2025_dirty!I64,".","," )) -> 404.19 | J65: =H65*I65 -> 2020.95 | K65: =TEXT(B65,"MMMM") -> Januar | M65: =IF($D65="Add-On: Analytics",$H65,NA()) -> #N/A | N65: =IF($D65="Add-On: Analytics",$I65,NA()) -> #N/A | O65: =IF($D65="Add-On: Support",$H65,NA()) -> #N/A | P65: =IF($D65="Add-On: Support",$I65,NA()) -> #N/A | Q65: =IF($D65="Business Plan",$H65,NA()) -> 5 | R65: =IF($D65="Business Plan",$I65,NA()) -> 404.19 | S65: =IF($D65="Enterprise Plan",$H65,NA()) -> #N/A | T65: =IF($D65="Enterprise Plan",$I65,NA()) -> #N/A | U65: =IF($D65="Pro Plan",$H65,NA()) -> #N/A | V65: =IF($D65="Pro Plan",$I65,NA()) -> #N/A | W65: =IF($D65="Starter Plan",$H65,NA()) -> #N/A | X65: =IF($D65="Starter Plan",$I65,NA()) -> #N/A
A66: =TRIM(CLEAN(PROPER(peakflow_q1_2025_dirty!A65))) -> D-1197 | B66: =DATEVALUE(TRIM(CLEAN(peakflow_q1_2025_dirty!B65))) -> 45677 | C66: =TRIM(CLEAN(PROPER(peakflow_q1_2025_dirty!C65))) -> Rivet Co | D66: =TRIM(CLEAN(PROPER(peakflow_q1_2025_dirty!D65))) -> Starter Plan | E66: =TRIM(CLEAN(PROPER(peakflow_q1_2025_dirty!E65))) -> Tom Wilson | F66: =TRIM(CLEAN(PROPER(peakflow_q1_2025_dirty!F65))) -> Lukas Becker | G66: =TRIM(CLEAN(UPPER(peakflow_q1_2025_dirty!G65))) -> LATAM | H66: =VALUE(TRIM((CLEAN(peakflow_q1_2025_dirty!H65)))) -> 20 | I66: =VALUE(SUBSTITUTE(peakflow_q1_2025_dirty!I65,".","," )) -> 59.94 | J66: =H66*I66 -> 1198.8 | K66: =TEXT(B66,"MMMM") -> Januar | M66: =IF($D66="Add-On: Analytics",$H66,NA()) -> #N/A | N66: =IF($D66="Add-On: Analytics",$I66,NA()) -> #N/A | O66: =IF($D66="Add-On: Support",$H66,NA()) -> #N/A | P66: =IF($D66="Add-On: Support",$I66,NA()) -> #N/A | Q66: =IF($D66="Business Plan",$H66,NA()) -> #N/A | R66: =IF($D66="Business Plan",$I66,NA()) -> #N/A | S66: =IF($D66="Enterprise Plan",$H66,NA()) -> #N/A | T66: =IF($D66="Enterprise Plan",$I66,NA()) -> #N/A | U66: =IF($D66="Pro Plan",$H66,NA()) -> #N/A | V66: =IF($D66="Pro Plan",$I66,NA()) -> #N/A | W66: =IF($D66="Starter Plan",$H66,NA()) -> 20 | X66: =IF($D66="Starter Plan",$I66,NA()) -> 59.94
A67: =TRIM(CLEAN(PROPER(peakflow_q1_2025_dirty!A66))) -> D-1007 | B67: =DATEVALUE(TRIM(CLEAN(peakflow_q1_2025_dirty!B66))) -> 45678 | C67: =TRIM(CLEAN(PROPER(peakflow_q1_2025_dirty!C66))) -> Borealis Co | D67: =TRIM(CLEAN(PROPER(peakflow_q1_2025_dirty!D66))) -> Add-On: Support | E67: =TRIM(CLEAN(PROPER(peakflow_q1_2025_dirty!E66))) -> Nina Petrov | F67: =TRIM(CLEAN(PROPER(peakflow_q1_2025_dirty!F66))) -> Lukas Becker | G67: =TRIM(CLEAN(UPPER(peakflow_q1_2025_dirty!G66))) -> LATAM | H67: =VALUE(TRIM((CLEAN(peakflow_q1_2025_dirty!H66)))) -> 1 | I67: =VALUE(SUBSTITUTE(peakflow_q1_2025_dirty!I66,".","," )) -> 146.67 | J67: =H67*I67 -> 146.67 | K67: =TEXT(B67,"MMMM") -> Januar | M67: =IF($D67="Add-On: Analytics",$H67,NA()) -> #N/A | N67: =IF($D67="Add-On: Analytics",$I67,NA()) -> #N/A | O67: =IF($D67="Add-On: Support",$H67,NA()) -> 1 | P67: =IF($D67="Add-On: Support",$I67,NA()) -> 146.67 | Q67: =IF($D67="Business Plan",$H67,NA()) -> #N/A | R67: =IF($D67="Business Plan",$I67,NA()) -> #N/A | S67: =IF($D67="Enterprise Plan",$H67,NA()) -> #N/A | T67: =IF($D67="Enterprise Plan",$I67,NA()) -> #N/A | U67: =IF($D67="Pro Plan",$H67,NA()) -> #N/A | V67: =IF($D67="Pro Plan",$I67,NA()) -> #N/A | W67: =IF($D67="Starter Plan",$H67,NA()) -> #N/A | X67: =IF($D67="Starter Plan",$I67,NA()) -> #N/A
A68: =TRIM(CLEAN(PROPER(peakflow_q1_2025_dirty!A67))) -> D-1048 | B68: =DATEVALUE(TRIM(CLEAN(peakflow_q1_2025_dirty!B67))) -> 45678 | C68: =TRIM(CLEAN(PROPER(peakflow_q1_2025_dirty!C67))) -> Orbit Co | D68: =TRIM(CLEAN(PROPER(peakflow_q1_2025_dirty!D67))) -> Pro Plan | E68: =TRIM(CLEAN(PROPER(peakflow_q1_2025_dirty!E67))) -> Priya Patel | F68: =TRIM(CLEAN(PROPER(peakflow_q1_2025_dirty!F67))) -> Maya Rodriguez | G68: =TRIM(CLEAN(UPPER(peakflow_q1_2025_dirty!G67))) -> APAC | H68: =VALUE(TRIM((CLEAN(peakflow_q1_2025_dirty!H67)))) -> 2 | I68: =VALUE(SUBSTITUTE(peakflow_q1_2025_dirty!I67,".","," )) -> 153.06 | J68: =H68*I68 -> 306.12 | K68: =TEXT(B68,"MMMM") -> Januar | M68: =IF($D68="Add-On: Analytics",$H68,NA()) -> #N/A | N68: =IF($D68="Add-On: Analytics",$I68,NA()) -> #N/A | O68: =IF($D68="Add-On: Support",$H68,NA()) -> #N/A | P68: =IF($D68="Add-On: Support",$I68,NA()) -> #N/A | Q68: =IF($D68="Business Plan",$H68,NA()) -> #N/A | R68: =IF($D68="Business Plan",$I68,NA()) -> #N/A | S68: =IF($D68="Enterprise Plan",$H68,NA()) -> #N/A | T68: =IF($D68="Enterprise Plan",$I68,NA()) -> #N/A | U68: =IF($D68="Pro Plan",$H68,NA()) -> 2 | V68: =IF($D68="Pro Plan",$I68,NA()) -> 153.06 | W68: =IF($D68="Starter Plan",$H68,NA()) -> #N/A | X68: =IF($D68="Starter Plan",$I68,NA()) -> #N/A
A69: =TRIM(CLEAN(PROPER(peakflow_q1_2025_dirty!A68))) -> D-1082 | B69: =DATEVALUE(TRIM(CLEAN(peakflow_q1_2025_dirty!B68))) -> 45678 | C69: =TRIM(CLEAN(PROPER(peakflow_q1_2025_dirty!C68))) -> Meridian Group | D69: =TRIM(CLEAN(PROPER(peakflow_q1_2025_dirty!D68))) -> Starter Plan | E69: =TRIM(CLEAN(PROPER(peakflow_q1_2025_dirty!E68))) -> Priya Patel | F69: =TRIM(CLEAN(PROPER(peakflow_q1_2025_dirty!F68))) -> Maya Rodriguez | G69: =TRIM(CLEAN(PROPER(peakflow_q1_2025_dirty!G68))) -> North America | H69: =VALUE(TRIM((CLEAN(peakflow_q1_2025_dirty!H68)))) -> 1 | I69: =VALUE(SUBSTITUTE(peakflow_q1_2025_dirty!I68,".","," )) -> 73.95 | J69: =H69*I69 -> 73.95 | K69: =TEXT(B69,"MMMM") -> Januar | M69: =IF($D69="Add-On: Analytics",$H69,NA()) -> #N/A | N69: =IF($D69="Add-On: Analytics",$I69,NA()) -> #N/A | O69: =IF($D69="Add-On: Support",$H69,NA()) -> #N/A | P69: =IF($D69="Add-On: Support",$I69,NA()) -> #N/A | Q69: =IF($D69="Business Plan",$H69,NA()) -> #N/A | R69: =IF($D69="Business Plan",$I69,NA()) -> #N/A | S69: =IF($D69="Enterprise Plan",$H69,NA()) -> #N/A | T69: =IF($D69="Enterprise Plan",$I69,NA()) -> #N/A | U69: =IF($D69="Pro Plan",$H69,NA()) -> #N/A | V69: =IF($D69="Pro Plan",$I69,NA()) -> #N/A | W69: =IF($D69="Starter Plan",$H69,NA()) -> 1 | X69: =IF($D69="Starter Plan",$I69,NA()) -> 73.95
A70: =TRIM(CLEAN(PROPER(peakflow_q1_2025_dirty!A69))) -> D-1158 | B70: =DATEVALUE(TRIM(CLEAN(peakflow_q1_2025_dirty!B69))) -> 45678 | C70: =TRIM(CLEAN(PROPER(peakflow_q1_2025_dirty!C69))) -> Foundry Group | D70: =TRIM(CLEAN(PROPER(peakflow_q1_2025_dirty!D69))) -> Add-On: Analytics | E70: =TRIM(CLEAN(PROPER(peakflow_q1_2025_dirty!E69))) -> Marcus Johnson | F70: =TRIM(CLEAN(PROPER(peakflow_q1_2025_dirty!F69))) -> Sarah Chen | G70: =TRIM(CLEAN(UPPER(peakflow_q1_2025_dirty!G69))) -> APAC | H70: =VALUE(TRIM((CLEAN(peakflow_q1_2025_dirty!H69)))) -> 5 | I70: =VALUE(SUBSTITUTE(peakflow_q1_2025_dirty!I69,".","," )) -> 67.43 | J70: =H70*I70 -> 337.15 | K70: =TEXT(B70,"MMMM") -> Januar | M70: =IF($D70="Add-On: Analytics",$H70,NA()) -> 5 | N70: =IF($D70="Add-On: Analytics",$I70,NA()) -> 67.43 | O70: =IF($D70="Add-On: Support",$H70,NA()) -> #N/A | P70: =IF($D70="Add-On: Support",$I70,NA()) -> #N/A | Q70: =IF($D70="Business Plan",$H70,NA()) -> #N/A | R70: =IF($D70="Business Plan",$I70,NA()) -> #N/A | S70: =IF($D70="Enterprise Plan",$H70,NA()) -> #N/A | T70: =IF($D70="Enterprise Plan",$I70,NA()) -> #N/A | U70: =IF($D70="Pro Plan",$H70,NA()) -> #N/A | V70: =IF($D70="Pro Plan",$I70,NA()) -> #N/A | W70: =IF($D70="Starter Plan",$H70,NA()) -> #N/A | X70: =IF($D70="Starter Plan",$I70,NA()) -> #N/A
A71: =TRIM(CLEAN(PROPER(peakflow_q1_2025_dirty!A70))) -> D-1027 | B71: =DATEVALUE(TRIM(CLEAN(peakflow_q1_2025_dirty!B70))) -> 45679 | C71: =TRIM(CLEAN(PROPER(peakflow_q1_2025_dirty!C70))) -> Kestrel Co | D71: =TRIM(CLEAN(PROPER(peakflow_q1_2025_dirty!D70))) -> Starter Plan | E71: =TRIM(CLEAN(PROPER(peakflow_q1_2025_dirty!E70))) -> Sophie Laurent | F71: =TRIM(CLEAN(PROPER(peakflow_q1_2025_dirty!F70))) -> Maya Rodriguez | G71: =TRIM(CLEAN(UPPER(peakflow_q1_2025_dirty!G70))) -> EMEA | H71: =VALUE(TRIM((CLEAN(peakflow_q1_2025_dirty!H70)))) -> 20 | I71: =VALUE(SUBSTITUTE(peakflow_q1_2025_dirty!I70,".","," )) -> 79.13 | J71: =H71*I71 -> 1582.6 | K71: =TEXT(B71,"MMMM") -> Januar | M71: =IF($D71="Add-On: Analytics",$H71,NA()) -> #N/A | N71: =IF($D71="Add-On: Analytics",$I71,NA()) -> #N/A | O71: =IF($D71="Add-On: Support",$H71,NA()) -> #N/A | P71: =IF($D71="Add-On: Support",$I71,NA()) -> #N/A | Q71: =IF($D71="Business Plan",$H71,NA()) -> #N/A | R71: =IF($D71="Business Plan",$I71,NA()) -> #N/A | S71: =IF($D71="Enterprise Plan",$H71,NA()) -> #N/A | T71: =IF($D71="Enterprise Plan",$I71,NA()) -> #N/A | U71: =IF($D71="Pro Plan",$H71,NA()) -> #N/A | V71: =IF($D71="Pro Plan",$I71,NA()) -> #N/A | W71: =IF($D71="Starter Plan",$H71,NA()) -> 20 | X71: =IF($D71="Starter Plan",$I71,NA()) -> 79.13
A72: =TRIM(CLEAN(PROPER(peakflow_q1_2025_dirty!A71))) -> D-1117 | B72: =DATEVALUE(TRIM(CLEAN(peakflow_q1_2025_dirty!B71))) -> 45679 | C72: =TRIM(CLEAN(PROPER(peakflow_q1_2025_dirty!C71))) -> Echo Labs | D72: =TRIM(CLEAN(PROPER(peakflow_q1_2025_dirty!D71))) -> Pro Plan | E72: =TRIM(CLEAN(PROPER(peakflow_q1_2025_dirty!E71))) -> David Kim | F72: =TRIM(CLEAN(PROPER(peakflow_q1_2025_dirty!F71))) -> Sarah Chen | G72: =TRIM(CLEAN(UPPER(peakflow_q1_2025_dirty!G71))) -> APAC | H72: =VALUE(TRIM((CLEAN(peakflow_q1_2025_dirty!H71)))) -> 1 | I72: =VALUE(SUBSTITUTE(peakflow_q1_2025_dirty!I71,".","," )) -> 189.77 | J72: =H72*I72 -> 189.77 | K72: =TEXT(B72,"MMMM") -> Januar | M72: =IF($D72="Add-On: Analytics",$H72,NA()) -> #N/A | N72: =IF($D72="Add-On: Analytics",$I72,NA()) -> #N/A | O72: =IF($D72="Add-On: Support",$H72,NA()) -> #N/A | P72: =IF($D72="Add-On: Support",$I72,NA()) -> #N/A | Q72: =IF($D72="Business Plan",$H72,NA()) -> #N/A | R72: =IF($D72="Business Plan",$I72,NA()) -> #N/A | S72: =IF($D72="Enterprise Plan",$H72,NA()) -> #N/A | T72: =IF($D72="Enterprise Plan",$I72,NA()) -> #N/A | U72: =IF($D72="Pro Plan",$H72,NA()) -> 1 | V72: =IF($D72="Pro Plan",$I72,NA()) -> 189.77 | W72: =IF($D72="Starter Plan",$H72,NA()) -> #N/A | X72: =IF($D72="Starter Plan",$I72,NA()) -> #N/A
A73: =TRIM(CLEAN(PROPER(peakflow_q1_2025_dirty!A72))) -> D-1125 | B73: =DATEVALUE(TRIM(CLEAN(peakflow_q1_2025_dirty!B72))) -> 45679 | C73: =TRIM(CLEAN(PROPER(peakflow_q1_2025_dirty!C72))) -> Granite Co | D73: =TRIM(CLEAN(PROPER(peakflow_q1_2025_dirty!D72))) -> Pro Plan | E73: =TRIM(CLEAN(PROPER(peakflow_q1_2025_dirty!E72))) -> Elena Rossi | F73: =TRIM(CLEAN(PROPER(peakflow_q1_2025_dirty!F72))) -> Lukas Becker | G73: =TRIM(CLEAN(UPPER(peakflow_q1_2025_dirty!G72))) -> LATAM | H73: =VALUE(TRIM((CLEAN(peakflow_q1_2025_dirty!H72)))) -> 1 | I73: =VALUE(SUBSTITUTE(peakflow_q1_2025_dirty!I72,".","," )) -> 260.51 | J73: =H73*I73 -> 260.51 | K73: =TEXT(B73,"MMMM") -> Januar | M73: =IF($D73="Add-On: Analytics",$H73,NA()) -> #N/A | N73: =IF($D73="Add-On: Analytics",$I73,NA()) -> #N/A | O73: =IF($D73="Add-On: Support",$H73,NA()) -> #N/A | P73: =IF($D73="Add-On: Support",$I73,NA()) -> #N/A | Q73: =IF($D73="Business Plan",$H73,NA()) -> #N/A | R73: =IF($D73="Business Plan",$I73,NA()) -> #N/A | S73: =IF($D73="Enterprise Plan",$H73,NA()) -> #N/A | T73: =IF($D73="Enterprise Plan",$I73,NA()) -> #N/A | U73: =IF($D73="Pro Plan",$H73,NA()) -> 1 | V73: =IF($D73="Pro Plan",$I73,NA()) -> 260.51 | W73: =IF($D73="Starter Plan",$H73,NA()) -> #N/A | X73: =IF($D73="Starter Plan",$I73,NA()) -> #N/A
A74: =TRIM(CLEAN(PROPER(peakflow_q1_2025_dirty!A73))) -> D-1164 | B74: =DATEVALUE(TRIM(CLEAN(peakflow_q1_2025_dirty!B73))) -> 45679 | C74: =TRIM(CLEAN(PROPER(peakflow_q1_2025_dirty!C73))) -> Vertex Inc | D74: =TRIM(CLEAN(PROPER(peakflow_q1_2025_dirty!D73))) -> Add-On: Analytics | E74: =TRIM(CLEAN(PROPER(peakflow_q1_2025_dirty!E73))) -> James Park | F74: =TRIM(CLEAN(PROPER(peakflow_q1_2025_dirty!F73))) -> Owen Walsh | G74: =TRIM(CLEAN(PROPER(peakflow_q1_2025_dirty!G73))) -> North America | H74: =VALUE(TRIM((CLEAN(peakflow_q1_2025_dirty!H73)))) -> 20 | I74: =VALUE(SUBSTITUTE(peakflow_q1_2025_dirty!I73,".","," )) -> 98.54 | J74: =H74*I74 -> 1970.8 | K74: =TEXT(B74,"MMMM") -> Januar | M74: =IF($D74="Add-On: Analytics",$H74,NA()) -> 20 | N74: =IF($D74="Add-On: Analytics",$I74,NA()) -> 98.54 | O74: =IF($D74="Add-On: Support",$H74,NA()) -> #N/A | P74: =IF($D74="Add-On: Support",$I74,NA()) -> #N/A | Q74: =IF($D74="Business Plan",$H74,NA()) -> #N/A | R74: =IF($D74="Business Plan",$I74,NA()) -> #N/A | S74: =IF($D74="Enterprise Plan",$H74,NA()) -> #N/A | T74: =IF($D74="Enterprise Plan",$I74,NA()) -> #N/A | U74: =IF($D74="Pro Plan",$H74,NA()) -> #N/A | V74: =IF($D74="Pro Plan",$I74,NA()) -> #N/A | W74: =IF($D74="Starter Plan",$H74,NA()) -> #N/A | X74: =IF($D74="Starter Plan",$I74,NA()) -> #N/A
A75: =TRIM(CLEAN(PROPER(peakflow_q1_2025_dirty!A74))) -> D-1013 | B75: =DATEVALUE(TRIM(CLEAN(peakflow_q1_2025_dirty!B74))) -> 45680 | C75: =TRIM(CLEAN(PROPER(peakflow_q1_2025_dirty!C74))) -> Apex Group | D75: =TRIM(CLEAN(PROPER(peakflow_q1_2025_dirty!D74))) -> Starter Plan | E75: =TRIM(CLEAN(PROPER(peakflow_q1_2025_dirty!E74))) -> Nina Petrov | F75: =TRIM(CLEAN(PROPER(peakflow_q1_2025_dirty!F74))) -> Lukas Becker | G75: =TRIM(CLEAN(UPPER(peakflow_q1_2025_dirty!G74))) -> LATAM | H75: =VALUE(TRIM((CLEAN(peakflow_q1_2025_dirty!H74)))) -> 1 | I75: =VALUE(SUBSTITUTE(peakflow_q1_2025_dirty!I74,".","," )) -> 46.97 | J75: =H75*I75 -> 46.97 | K75: =TEXT(B75,"MMMM") -> Januar | M75: =IF($D75="Add-On: Analytics",$H75,NA()) -> #N/A | N75: =IF($D75="Add-On: Analytics",$I75,NA()) -> #N/A | O75: =IF($D75="Add-On: Support",$H75,NA()) -> #N/A | P75: =IF($D75="Add-On: Support",$I75,NA()) -> #N/A | Q75: =IF($D75="Business Plan",$H75,NA()) -> #N/A | R75: =IF($D75="Business Plan",$I75,NA()) -> #N/A | S75: =IF($D75="Enterprise Plan",$H75,NA()) -> #N/A | T75: =IF($D75="Enterprise Plan",$I75,NA()) -> #N/A | U75: =IF($D75="Pro Plan",$H75,NA()) -> #N/A | V75: =IF($D75="Pro Plan",$I75,NA()) -> #N/A | W75: =IF($D75="Starter Plan",$H75,NA()) -> 1 | X75: =IF($D75="Starter Plan",$I75,NA()) -> 46.97
A76: =TRIM(CLEAN(PROPER(peakflow_q1_2025_dirty!A75))) -> D-1144 | B76: =DATEVALUE(TRIM(CLEAN(peakflow_q1_2025_dirty!B75))) -> 45680 | C76: =TRIM(CLEAN(PROPER(peakflow_q1_2025_dirty!C75))) -> Onyx Group | D76: =TRIM(CLEAN(PROPER(peakflow_q1_2025_dirty!D75))) -> Add-On: Analytics | E76: =TRIM(CLEAN(PROPER(peakflow_q1_2025_dirty!E75))) -> Aisha Hassan | F76: =TRIM(CLEAN(PROPER(peakflow_q1_2025_dirty!F75))) -> Sarah Chen | G76: =TRIM(CLEAN(PROPER(peakflow_q1_2025_dirty!G75))) -> North America | H76: =VALUE(TRIM((CLEAN(peakflow_q1_2025_dirty!H75)))) -> 1 | I76: =VALUE(SUBSTITUTE(peakflow_q1_2025_dirty!I75,".","," )) -> 76.11 | J76: =H76*I76 -> 76.11 | K76: =TEXT(B76,"MMMM") -> Januar | M76: =IF($D76="Add-On: Analytics",$H76,NA()) -> 1 | N76: =IF($D76="Add-On: Analytics",$I76,NA()) -> 76.11 | O76: =IF($D76="Add-On: Support",$H76,NA()) -> #N/A | P76: =IF($D76="Add-On: Support",$I76,NA()) -> #N/A | Q76: =IF($D76="Business Plan",$H76,NA()) -> #N/A | R76: =IF($D76="Business Plan",$I76,NA()) -> #N/A | S76: =IF($D76="Enterprise Plan",$H76,NA()) -> #N/A | T76: =IF($D76="Enterprise Plan",$I76,NA()) -> #N/A | U76: =IF($D76="Pro Plan",$H76,NA()) -> #N/A | V76: =IF($D76="Pro Plan",$I76,NA()) -> #N/A | W76: =IF($D76="Starter Plan",$H76,NA()) -> #N/A | X76: =IF($D76="Starter Plan",$I76,NA()) -> #N/A
A77: =TRIM(CLEAN(PROPER(peakflow_q1_2025_dirty!A76))) -> D-1216 | B77: =DATEVALUE(TRIM(CLEAN(peakflow_q1_2025_dirty!B76))) -> 45680 | C77: =TRIM(CLEAN(PROPER(peakflow_q1_2025_dirty!C76))) -> Catalyst Inc | D77: =TRIM(CLEAN(PROPER(peakflow_q1_2025_dirty!D76))) -> Pro Plan | E77: =TRIM(CLEAN(PROPER(peakflow_q1_2025_dirty!E76))) -> Priya Patel | F77: =TRIM(CLEAN(PROPER(peakflow_q1_2025_dirty!F76))) -> Maya Rodriguez | G77: =TRIM(CLEAN(UPPER(peakflow_q1_2025_dirty!G76))) -> APAC | H77: =VALUE(TRIM((CLEAN(peakflow_q1_2025_dirty!H76)))) -> 1 | I77: =VALUE(SUBSTITUTE(peakflow_q1_2025_dirty!I76,".","," )) -> 256.91 | J77: =H77*I77 -> 256.91 | K77: =TEXT(B77,"MMMM") -> Januar | M77: =IF($D77="Add-On: Analytics",$H77,NA()) -> #N/A | N77: =IF($D77="Add-On: Analytics",$I77,NA()) -> #N/A | O77: =IF($D77="Add-On: Support",$H77,NA()) -> #N/A | P77: =IF($D77="Add-On: Support",$I77,NA()) -> #N/A | Q77: =IF($D77="Business Plan",$H77,NA()) -> #N/A | R77: =IF($D77="Business Plan",$I77,NA()) -> #N/A | S77: =IF($D77="Enterprise Plan",$H77,NA()) -> #N/A | T77: =IF($D77="Enterprise Plan",$I77,NA()) -> #N/A | U77: =IF($D77="Pro Plan",$H77,NA()) -> 1 | V77: =IF($D77="Pro Plan",$I77,NA()) -> 256.91 | W77: =IF($D77="Starter Plan",$H77,NA()) -> #N/A | X77: =IF($D77="Starter Plan",$I77,NA()) -> #N/A
A78: =TRIM(CLEAN(PROPER(peakflow_q1_2025_dirty!A77))) -> D-1124 | B78: =DATEVALUE(TRIM(CLEAN(peakflow_q1_2025_dirty!B77))) -> 45681 | C78: =TRIM(CLEAN(PROPER(peakflow_q1_2025_dirty!C77))) -> Solstice Group | D78: =TRIM(CLEAN(PROPER(peakflow_q1_2025_dirty!D77))) -> Business Plan | E78: =TRIM(CLEAN(PROPER(peakflow_q1_2025_dirty!E77))) -> Marcus Johnson | F78: =TRIM(CLEAN(PROPER(peakflow_q1_2025_dirty!F77))) -> Sarah Chen | G78: =TRIM(CLEAN(UPPER(peakflow_q1_2025_dirty!G77))) -> LATAM | H78: =VALUE(TRIM((CLEAN(peakflow_q1_2025_dirty!H77)))) -> 2 | I78: =VALUE(SUBSTITUTE(peakflow_q1_2025_dirty!I77,".","," )) -> 425.85 | J78: =H78*I78 -> 851.7 | K78: =TEXT(B78,"MMMM") -> Januar | M78: =IF($D78="Add-On: Analytics",$H78,NA()) -> #N/A | N78: =IF($D78="Add-On: Analytics",$I78,NA()) -> #N/A | O78: =IF($D78="Add-On: Support",$H78,NA()) -> #N/A | P78: =IF($D78="Add-On: Support",$I78,NA()) -> #N/A | Q78: =IF($D78="Business Plan",$H78,NA()) -> 2 | R78: =IF($D78="Business Plan",$I78,NA()) -> 425.85 | S78: =IF($D78="Enterprise Plan",$H78,NA()) -> #N/A | T78: =IF($D78="Enterprise Plan",$I78,NA()) -> #N/A | U78: =IF($D78="Pro Plan",$H78,NA()) -> #N/A | V78: =IF($D78="Pro Plan",$I78,NA()) -> #N/A | W78: =IF($D78="Starter Plan",$H78,NA()) -> #N/A | X78: =IF($D78="Starter Plan",$I78,NA()) -> #N/A
A79: =TRIM(CLEAN(PROPER(peakflow_q1_2025_dirty!A78))) -> D-1133 | B79: =DATEVALUE(TRIM(CLEAN(peakflow_q1_2025_dirty!B78))) -> 45681 | C79: =TRIM(CLEAN(PROPER(peakflow_q1_2025_dirty!C78))) -> Fusion Group | D79: =TRIM(CLEAN(PROPER(peakflow_q1_2025_dirty!D78))) -> Add-On: Support | E79: =TRIM(CLEAN(PROPER(peakflow_q1_2025_dirty!E78))) -> Aisha Hassan | F79: =TRIM(CLEAN(PROPER(peakflow_q1_2025_dirty!F78))) -> Sarah Chen | G79: =TRIM(CLEAN(UPPER(peakflow_q1_2025_dirty!G78))) -> EMEA | H79: =VALUE(TRIM((CLEAN(peakflow_q1_2025_dirty!H78)))) -> 1 | I79: =VALUE(SUBSTITUTE(peakflow_q1_2025_dirty!I78,".","," )) -> 132.73 | J79: =H79*I79 -> 132.73 | K79: =TEXT(B79,"MMMM") -> Januar | M79: =IF($D79="Add-On: Analytics",$H79,NA()) -> #N/A | N79: =IF($D79="Add-On: Analytics",$I79,NA()) -> #N/A | O79: =IF($D79="Add-On: Support",$H79,NA()) -> 1 | P79: =IF($D79="Add-On: Support",$I79,NA()) -> 132.73 | Q79: =IF($D79="Business Plan",$H79,NA()) -> #N/A | R79: =IF($D79="Business Plan",$I79,NA()) -> #N/A | S79: =IF($D79="Enterprise Plan",$H79,NA()) -> #N/A | T79: =IF($D79="Enterprise Plan",$I79,NA()) -> #N/A | U79: =IF($D79="Pro Plan",$H79,NA()) -> #N/A | V79: =IF($D79="Pro Plan",$I79,NA()) -> #N/A | W79: =IF($D79="Starter Plan",$H79,NA()) -> #N/A | X79: =IF($D79="Starter Plan",$I79,NA()) -> #N/A
A80: =TRIM(CLEAN(PROPER(peakflow_q1_2025_dirty!A79))) -> D-1235 | B80: =DATEVALUE(TRIM(CLEAN(peakflow_q1_2025_dirty!B79))) -> 45681 | C80: =TRIM(CLEAN(PROPER(peakflow_q1_2025_dirty!C79))) -> Granite Co | D80: =TRIM(CLEAN(PROPER(peakflow_q1_2025_dirty!D79))) -> Starter Plan | E80: =TRIM(CLEAN(PROPER(peakflow_q1_2025_dirty!E79))) -> Raj Sharma | F80: =TRIM(CLEAN(PROPER(peakflow_q1_2025_dirty!F79))) -> Owen Walsh | G80: =TRIM(CLEAN(UPPER(peakflow_q1_2025_dirty!G79))) -> APAC | H80: =VALUE(TRIM((CLEAN(peakflow_q1_2025_dirty!H79)))) -> 2 | I80: =VALUE(SUBSTITUTE(peakflow_q1_2025_dirty!I79,".","," )) -> 42.63 | J80: =H80*I80 -> 85.26 | K80: =TEXT(B80,"MMMM") -> Januar | M80: =IF($D80="Add-On: Analytics",$H80,NA()) -> #N/A | N80: =IF($D80="Add-On: Analytics",$I80,NA()) -> #N/A | O80: =IF($D80="Add-On: Support",$H80,NA()) -> #N/A | P80: =IF($D80="Add-On: Support",$I80,NA()) -> #N/A | Q80: =IF($D80="Business Plan",$H80,NA()) -> #N/A | R80: =IF($D80="Business Plan",$I80,NA()) -> #N/A | S80: =IF($D80="Enterprise Plan",$H80,NA()) -> #N/A | T80: =IF($D80="Enterprise Plan",$I80,NA()) -> #N/A | U80: =IF($D80="Pro Plan",$H80,NA()) -> #N/A | V80: =IF($D80="Pro Plan",$I80,NA()) -> #N/A | W80: =IF($D80="Starter Plan",$H80,NA()) -> 2 | X80: =IF($D80="Starter Plan",$I80,NA()) -> 42.63
A81: =TRIM(CLEAN(PROPER(peakflow_q1_2025_dirty!A80))) -> D-1062 | B81: =DATEVALUE(TRIM(CLEAN(peakflow_q1_2025_dirty!B80))) -> 45682 | C81: =TRIM(CLEAN(PROPER(peakflow_q1_2025_dirty!C80))) -> Onyx Group | D81: =TRIM(CLEAN(PROPER(peakflow_q1_2025_dirty!D80))) -> Starter Plan | E81: =TRIM(CLEAN(PROPER(peakflow_q1_2025_dirty!E80))) -> Sophie Laurent | F81: =TRIM(CLEAN(PROPER(peakflow_q1_2025_dirty!F80))) -> Maya Rodriguez | G81: =TRIM(CLEAN(PROPER(peakflow_q1_2025_dirty!G80))) -> North America | H81: =VALUE(TRIM((CLEAN(peakflow_q1_2025_dirty!H80)))) -> 10 | I81: =VALUE(SUBSTITUTE(peakflow_q1_2025_dirty!I80,".","," )) -> 53.37 | J81: =H81*I81 -> 533.7 | K81: =TEXT(B81,"MMMM") -> Januar | M81: =IF($D81="Add-On: Analytics",$H81,NA()) -> #N/A | N81: =IF($D81="Add-On: Analytics",$I81,NA()) -> #N/A | O81: =IF($D81="Add-On: Support",$H81,NA()) -> #N/A | P81: =IF($D81="Add-On: Support",$I81,NA()) -> #N/A | Q81: =IF($D81="Business Plan",$H81,NA()) -> #N/A | R81: =IF($D81="Business Plan",$I81,NA()) -> #N/A | S81: =IF($D81="Enterprise Plan",$H81,NA()) -> #N/A | T81: =IF($D81="Enterprise Plan",$I81,NA()) -> #N/A | U81: =IF($D81="Pro Plan",$H81,NA()) -> #N/A | V81: =IF($D81="Pro Plan",$I81,NA()) -> #N/A | W81: =IF($D81="Starter Plan",$H81,NA()) -> 10 | X81: =IF($D81="Starter Plan",$I81,NA()) -> 53.37
A82: =TRIM(CLEAN(PROPER(peakflow_q1_2025_dirty!A81))) -> D-1002 | B82: =DATEVALUE(TRIM(CLEAN(peakflow_q1_2025_dirty!B81))) -> 45683 | C82: =TRIM(CLEAN(PROPER(peakflow_q1_2025_dirty!C81))) -> Nova Inc | D82: =TRIM(CLEAN(PROPER(peakflow_q1_2025_dirty!D81))) -> Pro Plan | E82: =TRIM(CLEAN(PROPER(peakflow_q1_2025_dirty!E81))) -> David Kim | F82: =TRIM(CLEAN(PROPER(peakflow_q1_2025_dirty!F81))) -> Sarah Chen | G82: =TRIM(CLEAN(UPPER(peakflow_q1_2025_dirty!G81))) -> LATAM | H82: =VALUE(TRIM((CLEAN(peakflow_q1_2025_dirty!H81)))) -> 1 | I82: =VALUE(SUBSTITUTE(peakflow_q1_2025_dirty!I81,".","," )) -> 243.59 | J82: =H82*I82 -> 243.59 | K82: =TEXT(B82,"MMMM") -> Januar | M82: =IF($D82="Add-On: Analytics",$H82,NA()) -> #N/A | N82: =IF($D82="Add-On: Analytics",$I82,NA()) -> #N/A | O82: =IF($D82="Add-On: Support",$H82,NA()) -> #N/A | P82: =IF($D82="Add-On: Support",$I82,NA()) -> #N/A | Q82: =IF($D82="Business Plan",$H82,NA()) -> #N/A | R82: =IF($D82="Business Plan",$I82,NA()) -> #N/A | S82: =IF($D82="Enterprise Plan",$H82,NA()) -> #N/A | T82: =IF($D82="Enterprise Plan",$I82,NA()) -> #N/A | U82: =IF($D82="Pro Plan",$H82,NA()) -> 1 | V82: =IF($D82="Pro Plan",$I82,NA()) -> 243.59 | W82: =IF($D82="Starter Plan",$H82,NA()) -> #N/A | X82: =IF($D82="Starter Plan",$I82,NA()) -> #N/A
A83: =TRIM(CLEAN(PROPER(peakflow_q1_2025_dirty!A82))) -> D-1006 | B83: =DATEVALUE(TRIM(CLEAN(peakflow_q1_2025_dirty!B82))) -> 45683 | C83: =TRIM(CLEAN(PROPER(peakflow_q1_2025_dirty!C82))) -> Nova Inc | D83: =TRIM(CLEAN(PROPER(peakflow_q1_2025_dirty!D82))) -> Add-On: Support | E83: =TRIM(CLEAN(PROPER(peakflow_q1_2025_dirty!E82))) -> Aisha Hassan | F83: =TRIM(CLEAN(PROPER(peakflow_q1_2025_dirty!F82))) -> Sarah Chen | G83: =TRIM(CLEAN(UPPER(peakflow_q1_2025_dirty!G82))) -> APAC | H83: =VALUE(TRIM((CLEAN(peakflow_q1_2025_dirty!H82)))) -> 1 | I83: =VALUE(SUBSTITUTE(peakflow_q1_2025_dirty!I82,".","," )) -> 116.31 | J83: =H83*I83 -> 116.31 | K83: =TEXT(B83,"MMMM") -> Januar | M83: =IF($D83="Add-On: Analytics",$H83,NA()) -> #N/A | N83: =IF($D83="Add-On: Analytics",$I83,NA()) -> #N/A | O83: =IF($D83="Add-On: Support",$H83,NA()) -> 1 | P83: =IF($D83="Add-On: Support",$I83,NA()) -> 116.31 | Q83: =IF($D83="Business Plan",$H83,NA()) -> #N/A | R83: =IF($D83="Business Plan",$I83,NA()) -> #N/A | S83: =IF($D83="Enterprise Plan",$H83,NA()) -> #N/A | T83: =IF($D83="Enterprise Plan",$I83,NA()) -> #N/A | U83: =IF($D83="Pro Plan",$H83,NA()) -> #N/A | V83: =IF($D83="Pro Plan",$I83,NA()) -> #N/A | W83: =IF($D83="Starter Plan",$H83,NA()) -> #N/A | X83: =IF($D83="Starter Plan",$I83,NA()) -> #N/A
A84: =TRIM(CLEAN(PROPER(peakflow_q1_2025_dirty!A83))) -> D-1010 | B84: =DATEVALUE(TRIM(CLEAN(peakflow_q1_2025_dirty!B83))) -> 45683 | C84: =TRIM(CLEAN(PROPER(peakflow_q1_2025_dirty!C83))) -> Driftwood Co | D84: =TRIM(CLEAN(PROPER(peakflow_q1_2025_dirty!D83))) -> Business Plan | E84: =TRIM(CLEAN(PROPER(peakflow_q1_2025_dirty!E83))) -> Marcus Johnson | F84: =TRIM(CLEAN(PROPER(peakflow_q1_2025_dirty!F83))) -> Sarah Chen | G84: =TRIM(CLEAN(UPPER(peakflow_q1_2025_dirty!G83))) -> APAC | H84: =VALUE(TRIM((CLEAN(peakflow_q1_2025_dirty!H83)))) -> 1 | I84: =VALUE(SUBSTITUTE(peakflow_q1_2025_dirty!I83,".","," )) -> 428.51 | J84: =H84*I84 -> 428.51 | K84: =TEXT(B84,"MMMM") -> Januar | M84: =IF($D84="Add-On: Analytics",$H84,NA()) -> #N/A | N84: =IF($D84="Add-On: Analytics",$I84,NA()) -> #N/A | O84: =IF($D84="Add-On: Support",$H84,NA()) -> #N/A | P84: =IF($D84="Add-On: Support",$I84,NA()) -> #N/A | Q84: =IF($D84="Business Plan",$H84,NA()) -> 1 | R84: =IF($D84="Business Plan",$I84,NA()) -> 428.51 | S84: =IF($D84="Enterprise Plan",$H84,NA()) -> #N/A | T84: =IF($D84="Enterprise Plan",$I84,NA()) -> #N/A | U84: =IF($D84="Pro Plan",$H84,NA()) -> #N/A | V84: =IF($D84="Pro Plan",$I84,NA()) -> #N/A | W84: =IF($D84="Starter Plan",$H84,NA()) -> #N/A | X84: =IF($D84="Starter Plan",$I84,NA()) -> #N/A
A85: =TRIM(CLEAN(PROPER(peakflow_q1_2025_dirty!A84))) -> D-1064 | B85: =DATEVALUE(TRIM(CLEAN(peakflow_q1_2025_dirty!B84))) -> 45683 | C85: =TRIM(CLEAN(PROPER(peakflow_q1_2025_dirty!C84))) -> Solstice Group | D85: =TRIM(CLEAN(PROPER(peakflow_q1_2025_dirty!D84))) -> Business Plan | E85: =TRIM(CLEAN(PROPER(peakflow_q1_2025_dirty!E84))) -> Elena Rossi | F85: =TRIM(CLEAN(PROPER(peakflow_q1_2025_dirty!F84))) -> Lukas Becker | G85: =TRIM(CLEAN(UPPER(peakflow_q1_2025_dirty!G84))) -> APAC | H85: =VALUE(TRIM((CLEAN(peakflow_q1_2025_dirty!H84)))) -> 1 | I85: =VALUE(SUBSTITUTE(peakflow_q1_2025_dirty!I84,".","," )) -> 61.21 | J85: =H85*I85 -> 61.21 | K85: =TEXT(B85,"MMMM") -> Januar | M85: =IF($D85="Add-On: Analytics",$H85,NA()) -> #N/A | N85: =IF($D85="Add-On: Analytics",$I85,NA()) -> #N/A | O85: =IF($D85="Add-On: Support",$H85,NA()) -> #N/A | P85: =IF($D85="Add-On: Support",$I85,NA()) -> #N/A | Q85: =IF($D85="Business Plan",$H85,NA()) -> 1 | R85: =IF($D85="Business Plan",$I85,NA()) -> 61.21 | S85: =IF($D85="Enterprise Plan",$H85,NA()) -> #N/A | T85: =IF($D85="Enterprise Plan",$I85,NA()) -> #N/A | U85: =IF($D85="Pro Plan",$H85,NA()) -> #N/A | V85: =IF($D85="Pro Plan",$I85,NA()) -> #N/A | W85: =IF($D85="Starter Plan",$H85,NA()) -> #N/A | X85: =IF($D85="Starter Plan",$I85,NA()) -> #N/A
A86: =TRIM(CLEAN(PROPER(peakflow_q1_2025_dirty!A85))) -> D-1190 | B86: =DATEVALUE(TRIM(CLEAN(peakflow_q1_2025_dirty!B85))) -> 45683 | C86: =TRIM(CLEAN(PROPER(peakflow_q1_2025_dirty!C85))) -> Prism Group | D86: =TRIM(CLEAN(PROPER(peakflow_q1_2025_dirty!D85))) -> Pro Plan | E86: =TRIM(CLEAN(PROPER(peakflow_q1_2025_dirty!E85))) -> Priya Patel | F86: =TRIM(CLEAN(PROPER(peakflow_q1_2025_dirty!F85))) -> Maya Rodriguez | G86: =TRIM(CLEAN(PROPER(peakflow_q1_2025_dirty!G85))) -> North America | H86: =VALUE(TRIM((CLEAN(peakflow_q1_2025_dirty!H85)))) -> 5 | I86: =VALUE(SUBSTITUTE(peakflow_q1_2025_dirty!I85,".","," )) -> 154.79 | J86: =H86*I86 -> 773.95 | K86: =TEXT(B86,"MMMM") -> Januar | M86: =IF($D86="Add-On: Analytics",$H86,NA()) -> #N/A | N86: =IF($D86="Add-On: Analytics",$I86,NA()) -> #N/A | O86: =IF($D86="Add-On: Support",$H86,NA()) -> #N/A | P86: =IF($D86="Add-On: Support",$I86,NA()) -> #N/A | Q86: =IF($D86="Business Plan",$H86,NA()) -> #N/A | R86: =IF($D86="Business Plan",$I86,NA()) -> #N/A | S86: =IF($D86="Enterprise Plan",$H86,NA()) -> #N/A | T86: =IF($D86="Enterprise Plan",$I86,NA()) -> #N/A | U86: =IF($D86="Pro Plan",$H86,NA()) -> 5 | V86: =IF($D86="Pro Plan",$I86,NA()) -> 154.79 | W86: =IF($D86="Starter Plan",$H86,NA()) -> #N/A | X86: =IF($D86="Starter Plan",$I86,NA()) -> #N/A
A87: =TRIM(CLEAN(PROPER(peakflow_q1_2025_dirty!A86))) -> D-1200 | B87: =DATEVALUE(TRIM(CLEAN(peakflow_q1_2025_dirty!B86))) -> 45683 | C87: =TRIM(CLEAN(PROPER(peakflow_q1_2025_dirty!C86))) -> Cascade Group | D87: =TRIM(CLEAN(PROPER(peakflow_q1_2025_dirty!D86))) -> Business Plan | E87: =TRIM(CLEAN(PROPER(peakflow_q1_2025_dirty!E86))) -> David Kim | F87: =TRIM(CLEAN(PROPER(peakflow_q1_2025_dirty!F86))) -> Sarah Chen | G87: =TRIM(CLEAN(UPPER(peakflow_q1_2025_dirty!G86))) -> EMEA | H87: =VALUE(TRIM((CLEAN(peakflow_q1_2025_dirty!H86)))) -> 1 | I87: =VALUE(SUBSTITUTE(peakflow_q1_2025_dirty!I86,".","," )) -> 402.09 | J87: =H87*I87 -> 402.09 | K87: =TEXT(B87,"MMMM") -> Januar | M87: =IF($D87="Add-On: Analytics",$H87,NA()) -> #N/A | N87: =IF($D87="Add-On: Analytics",$I87,NA()) -> #N/A | O87: =IF($D87="Add-On: Support",$H87,NA()) -> #N/A | P87: =IF($D87="Add-On: Support",$I87,NA()) -> #N/A | Q87: =IF($D87="Business Plan",$H87,NA()) -> 1 | R87: =IF($D87="Business Plan",$I87,NA()) -> 402.09 | S87: =IF($D87="Enterprise Plan",$H87,NA()) -> #N/A | T87: =IF($D87="Enterprise Plan",$I87,NA()) -> #N/A | U87: =IF($D87="Pro Plan",$H87,NA()) -> #N/A | V87: =IF($D87="Pro Plan",$I87,NA()) -> #N/A | W87: =IF($D87="Starter Plan",$H87,NA()) -> #N/A | X87: =IF($D87="Starter Plan",$I87,NA()) -> #N/A
A88: =TRIM(CLEAN(PROPER(peakflow_q1_2025_dirty!A87))) -> D-1221 | B88: =DATEVALUE(TRIM(CLEAN(peakflow_q1_2025_dirty!B87))) -> 45683 | C88: =TRIM(CLEAN(PROPER(peakflow_q1_2025_dirty!C87))) -> Quill Labs | D88: =TRIM(CLEAN(PROPER(peakflow_q1_2025_dirty!D87))) -> Pro Plan | E88: =TRIM(CLEAN(PROPER(peakflow_q1_2025_dirty!E87))) -> Raj Sharma | F88: =TRIM(CLEAN(PROPER(peakflow_q1_2025_dirty!F87))) -> Owen Walsh | G88: =TRIM(CLEAN(UPPER(peakflow_q1_2025_dirty!G87))) -> EMEA | H88: =VALUE(TRIM((CLEAN(peakflow_q1_2025_dirty!H87)))) -> 2 | I88: =VALUE(SUBSTITUTE(peakflow_q1_2025_dirty!I87,".","," )) -> 188.38 | J88: =H88*I88 -> 376.76 | K88: =TEXT(B88,"MMMM") -> Januar | M88: =IF($D88="Add-On: Analytics",$H88,NA()) -> #N/A | N88: =IF($D88="Add-On: Analytics",$I88,NA()) -> #N/A | O88: =IF($D88="Add-On: Support",$H88,NA()) -> #N/A | P88: =IF($D88="Add-On: Support",$I88,NA()) -> #N/A | Q88: =IF($D88="Business Plan",$H88,NA()) -> #N/A | R88: =IF($D88="Business Plan",$I88,NA()) -> #N/A | S88: =IF($D88="Enterprise Plan",$H88,NA()) -> #N/A | T88: =IF($D88="Enterprise Plan",$I88,NA()) -> #N/A | U88: =IF($D88="Pro Plan",$H88,NA()) -> 2 | V88: =IF($D88="Pro Plan",$I88,NA()) -> 188.38 | W88: =IF($D88="Starter Plan",$H88,NA()) -> #N/A | X88: =IF($D88="Starter Plan",$I88,NA()) -> #N/A
A89: =TRIM(CLEAN(PROPER(peakflow_q1_2025_dirty!A88))) -> D-1224 | B89: =DATEVALUE(TRIM(CLEAN(peakflow_q1_2025_dirty!B88))) -> 45683 | C89: =TRIM(CLEAN(PROPER(peakflow_q1_2025_dirty!C88))) -> Verdant Inc | D89: =TRIM(CLEAN(PROPER(peakflow_q1_2025_dirty!D88))) -> Pro Plan | E89: =TRIM(CLEAN(PROPER(peakflow_q1_2025_dirty!E88))) -> Carlos Mendez | F89: =TRIM(CLEAN(PROPER(peakflow_q1_2025_dirty!F88))) -> Maya Rodriguez | G89: =TRIM(CLEAN(UPPER(peakflow_q1_2025_dirty!G88))) -> APAC | H89: =VALUE(TRIM((CLEAN(peakflow_q1_2025_dirty!H88)))) -> 1 | I89: =VALUE(SUBSTITUTE(peakflow_q1_2025_dirty!I88,".","," )) -> 195.73 | J89: =H89*I89 -> 195.73 | K89: =TEXT(B89,"MMMM") -> Januar | M89: =IF($D89="Add-On: Analytics",$H89,NA()) -> #N/A | N89: =IF($D89="Add-On: Analytics",$I89,NA()) -> #N/A | O89: =IF($D89="Add-On: Support",$H89,NA()) -> #N/A | P89: =IF($D89="Add-On: Support",$I89,NA()) -> #N/A | Q89: =IF($D89="Business Plan",$H89,NA()) -> #N/A | R89: =IF($D89="Business Plan",$I89,NA()) -> #N/A | S89: =IF($D89="Enterprise Plan",$H89,NA()) -> #N/A | T89: =IF($D89="Enterprise Plan",$I89,NA()) -> #N/A | U89: =IF($D89="Pro Plan",$H89,NA()) -> 1 | V89: =IF($D89="Pro Plan",$I89,NA()) -> 195.73 | W89: =IF($D89="Starter Plan",$H89,NA()) -> #N/A | X89: =IF($D89="Starter Plan",$I89,NA()) -> #N/A
A90: =TRIM(CLEAN(PROPER(peakflow_q1_2025_dirty!A89))) -> D-1093 | B90: =DATEVALUE(TRIM(CLEAN(peakflow_q1_2025_dirty!B89))) -> 45684 | C90: =TRIM(CLEAN(PROPER(peakflow_q1_2025_dirty!C89))) -> Obsidian Co | D90: =TRIM(CLEAN(PROPER(peakflow_q1_2025_dirty!D89))) -> Business Plan | E90: =TRIM(CLEAN(PROPER(peakflow_q1_2025_dirty!E89))) -> Elena Rossi | F90: =TRIM(CLEAN(PROPER(peakflow_q1_2025_dirty!F89))) -> Lukas Becker | G90: =TRIM(CLEAN(UPPER(peakflow_q1_2025_dirty!G89))) -> APAC | H90: =VALUE(TRIM((CLEAN(peakflow_q1_2025_dirty!H89)))) -> 20 | I90: =VALUE(SUBSTITUTE(peakflow_q1_2025_dirty!I89,".","," )) -> 487.09 | J90: =H90*I90 -> 9741.8 | K90: =TEXT(B90,"MMMM") -> Januar | M90: =IF($D90="Add-On: Analytics",$H90,NA()) -> #N/A | N90: =IF($D90="Add-On: Analytics",$I90,NA()) -> #N/A | O90: =IF($D90="Add-On: Support",$H90,NA()) -> #N/A | P90: =IF($D90="Add-On: Support",$I90,NA()) -> #N/A | Q90: =IF($D90="Business Plan",$H90,NA()) -> 20 | R90: =IF($D90="Business Plan",$I90,NA()) -> 487.09 | S90: =IF($D90="Enterprise Plan",$H90,NA()) -> #N/A | T90: =IF($D90="Enterprise Plan",$I90,NA()) -> #N/A | U90: =IF($D90="Pro Plan",$H90,NA()) -> #N/A | V90: =IF($D90="Pro Plan",$I90,NA()) -> #N/A | W90: =IF($D90="Starter Plan",$H90,NA()) -> #N/A | X90: =IF($D90="Starter Plan",$I90,NA()) -> #N/A
A91: =TRIM(CLEAN(PROPER(peakflow_q1_2025_dirty!A90))) -> D-1003 | B91: =DATEVALUE(TRIM(CLEAN(peakflow_q1_2025_dirty!B90))) -> 45685 | C91: =TRIM(CLEAN(PROPER(peakflow_q1_2025_dirty!C90))) -> Citadel Group | D91: =TRIM(CLEAN(PROPER(peakflow_q1_2025_dirty!D90))) -> Enterprise Plan | E91: =TRIM(CLEAN(PROPER(peakflow_q1_2025_dirty!E90))) -> Carlos Mendez | F91: =TRIM(CLEAN(PROPER(peakflow_q1_2025_dirty!F90))) -> Maya Rodriguez | G91: =TRIM(CLEAN(UPPER(peakflow_q1_2025_dirty!G90))) -> EMEA | H91: =VALUE(TRIM((CLEAN(peakflow_q1_2025_dirty!H90)))) -> 10 | I91: =VALUE(SUBSTITUTE(peakflow_q1_2025_dirty!I90,".","," )) -> 1330.75 | J91: =H91*I91 -> 13307.5 | K91: =TEXT(B91,"MMMM") -> Januar | M91: =IF($D91="Add-On: Analytics",$H91,NA()) -> #N/A | N91: =IF($D91="Add-On: Analytics",$I91,NA()) -> #N/A | O91: =IF($D91="Add-On: Support",$H91,NA()) -> #N/A | P91: =IF($D91="Add-On: Support",$I91,NA()) -> #N/A | Q91: =IF($D91="Business Plan",$H91,NA()) -> #N/A | R91: =IF($D91="Business Plan",$I91,NA()) -> #N/A | S91: =IF($D91="Enterprise Plan",$H91,NA()) -> 10 | T91: =IF($D91="Enterprise Plan",$I91,NA()) -> 1330.75 | U91: =IF($D91="Pro Plan",$H91,NA()) -> #N/A | V91: =IF($D91="Pro Plan",$I91,NA()) -> #N/A | W91: =IF($D91="Starter Plan",$H91,NA()) -> #N/A | X91: =IF($D91="Starter Plan",$I91,NA()) -> #N/A
A92: =TRIM(CLEAN(PROPER(peakflow_q1_2025_dirty!A91))) -> D-1107 | B92: =DATEVALUE(TRIM(CLEAN(peakflow_q1_2025_dirty!B91))) -> 45685 | C92: =TRIM(CLEAN(PROPER(peakflow_q1_2025_dirty!C91))) -> Nova Inc | D92: =TRIM(CLEAN(PROPER(peakflow_q1_2025_dirty!D91))) -> Enterprise Plan | E92: =TRIM(CLEAN(PROPER(peakflow_q1_2025_dirty!E91))) -> Nina Petrov | F92: =TRIM(CLEAN(PROPER(peakflow_q1_2025_dirty!F91))) -> Lukas Becker | G92: =TRIM(CLEAN(UPPER(peakflow_q1_2025_dirty!G91))) -> APAC | H92: =VALUE(TRIM((CLEAN(peakflow_q1_2025_dirty!H91)))) -> 50 | I92: =VALUE(SUBSTITUTE(peakflow_q1_2025_dirty!I91,".","," )) -> 932.32 | J92: =H92*I92 -> 46616 | K92: =TEXT(B92,"MMMM") -> Januar | M92: =IF($D92="Add-On: Analytics",$H92,NA()) -> #N/A | N92: =IF($D92="Add-On: Analytics",$I92,NA()) -> #N/A | O92: =IF($D92="Add-On: Support",$H92,NA()) -> #N/A | P92: =IF($D92="Add-On: Support",$I92,NA()) -> #N/A | Q92: =IF($D92="Business Plan",$H92,NA()) -> #N/A | R92: =IF($D92="Business Plan",$I92,NA()) -> #N/A | S92: =IF($D92="Enterprise Plan",$H92,NA()) -> 50 | T92: =IF($D92="Enterprise Plan",$I92,NA()) -> 932.32 | U92: =IF($D92="Pro Plan",$H92,NA()) -> #N/A | V92: =IF($D92="Pro Plan",$I92,NA()) -> #N/A | W92: =IF($D92="Starter Plan",$H92,NA()) -> #N/A | X92: =IF($D92="Starter Plan",$I92,NA()) -> #N/A
A93: =TRIM(CLEAN(PROPER(peakflow_q1_2025_dirty!A92))) -> D-1135 | B93: =DATEVALUE(TRIM(CLEAN(peakflow_q1_2025_dirty!B92))) -> 45685 | C93: =TRIM(CLEAN(PROPER(peakflow_q1_2025_dirty!C92))) -> Northwind Co | D93: =TRIM(CLEAN(PROPER(peakflow_q1_2025_dirty!D92))) -> Business Plan | E93: =TRIM(CLEAN(PROPER(peakflow_q1_2025_dirty!E92))) -> David Kim | F93: =TRIM(CLEAN(PROPER(peakflow_q1_2025_dirty!F92))) -> Sarah Chen | G93: =TRIM(CLEAN(PROPER(peakflow_q1_2025_dirty!G92))) -> North America | H93: =VALUE(TRIM((CLEAN(peakflow_q1_2025_dirty!H92)))) -> 1 | I93: =VALUE(SUBSTITUTE(peakflow_q1_2025_dirty!I92,".","," )) -> 493.26 | J93: =H93*I93 -> 493.26 | K93: =TEXT(B93,"MMMM") -> Januar | M93: =IF($D93="Add-On: Analytics",$H93,NA()) -> #N/A | N93: =IF($D93="Add-On: Analytics",$I93,NA()) -> #N/A | O93: =IF($D93="Add-On: Support",$H93,NA()) -> #N/A | P93: =IF($D93="Add-On: Support",$I93,NA()) -> #N/A | Q93: =IF($D93="Business Plan",$H93,NA()) -> 1 | R93: =IF($D93="Business Plan",$I93,NA()) -> 493.26 | S93: =IF($D93="Enterprise Plan",$H93,NA()) -> #N/A | T93: =IF($D93="Enterprise Plan",$I93,NA()) -> #N/A | U93: =IF($D93="Pro Plan",$H93,NA()) -> #N/A | V93: =IF($D93="Pro Plan",$I93,NA()) -> #N/A | W93: =IF($D93="Starter Plan",$H93,NA()) -> #N/A | X93: =IF($D93="Starter Plan",$I93,NA()) -> #N/A
A94: =TRIM(CLEAN(PROPER(peakflow_q1_2025_dirty!A93))) -> D-1131 | B94: =DATEVALUE(TRIM(CLEAN(peakflow_q1_2025_dirty!B93))) -> 45686 | C94: =TRIM(CLEAN(PROPER(peakflow_q1_2025_dirty!C93))) -> Quill Labs | D94: =TRIM(CLEAN(PROPER(peakflow_q1_2025_dirty!D93))) -> Starter Plan | E94: =TRIM(CLEAN(PROPER(peakflow_q1_2025_dirty!E93))) -> Carlos Mendez | F94: =TRIM(CLEAN(PROPER(peakflow_q1_2025_dirty!F93))) -> Maya Rodriguez | G94: =TRIM(CLEAN(PROPER(peakflow_q1_2025_dirty!G93))) -> North America | H94: =VALUE(TRIM((CLEAN(peakflow_q1_2025_dirty!H93)))) -> 5 | I94: =VALUE(SUBSTITUTE(peakflow_q1_2025_dirty!I93,".","," )) -> 45.35 | J94: =H94*I94 -> 226.75 | K94: =TEXT(B94,"MMMM") -> Januar | M94: =IF($D94="Add-On: Analytics",$H94,NA()) -> #N/A | N94: =IF($D94="Add-On: Analytics",$I94,NA()) -> #N/A | O94: =IF($D94="Add-On: Support",$H94,NA()) -> #N/A | P94: =IF($D94="Add-On: Support",$I94,NA()) -> #N/A | Q94: =IF($D94="Business Plan",$H94,NA()) -> #N/A | R94: =IF($D94="Business Plan",$I94,NA()) -> #N/A | S94: =IF($D94="Enterprise Plan",$H94,NA()) -> #N/A | T94: =IF($D94="Enterprise Plan",$I94,NA()) -> #N/A | U94: =IF($D94="Pro Plan",$H94,NA()) -> #N/A | V94: =IF($D94="Pro Plan",$I94,NA()) -> #N/A | W94: =IF($D94="Starter Plan",$H94,NA()) -> 5 | X94: =IF($D94="Starter Plan",$I94,NA()) -> 45.35
A95: =TRIM(CLEAN(PROPER(peakflow_q1_2025_dirty!A94))) -> D-1142 | B95: =DATEVALUE(TRIM(CLEAN(peakflow_q1_2025_dirty!B94))) -> 45686 | C95: =TRIM(CLEAN(PROPER(peakflow_q1_2025_dirty!C94))) -> Apex Group | D95: =TRIM(CLEAN(PROPER(peakflow_q1_2025_dirty!D94))) -> Business Plan | E95: =TRIM(CLEAN(PROPER(peakflow_q1_2025_dirty!E94))) -> Hannah Lee | F95: =TRIM(CLEAN(PROPER(peakflow_q1_2025_dirty!F94))) -> Owen Walsh | G95: =TRIM(CLEAN(PROPER(peakflow_q1_2025_dirty!G94))) -> North America | H95: =VALUE(TRIM((CLEAN(peakflow_q1_2025_dirty!H94)))) -> 1 | I95: =VALUE(SUBSTITUTE(peakflow_q1_2025_dirty!I94,".","," )) -> 479.31 | J95: =H95*I95 -> 479.31 | K95: =TEXT(B95,"MMMM") -> Januar | M95: =IF($D95="Add-On: Analytics",$H95,NA()) -> #N/A | N95: =IF($D95="Add-On: Analytics",$I95,NA()) -> #N/A | O95: =IF($D95="Add-On: Support",$H95,NA()) -> #N/A | P95: =IF($D95="Add-On: Support",$I95,NA()) -> #N/A | Q95: =IF($D95="Business Plan",$H95,NA()) -> 1 | R95: =IF($D95="Business Plan",$I95,NA()) -> 479.31 | S95: =IF($D95="Enterprise Plan",$H95,NA()) -> #N/A | T95: =IF($D95="Enterprise Plan",$I95,NA()) -> #N/A | U95: =IF($D95="Pro Plan",$H95,NA()) -> #N/A | V95: =IF($D95="Pro Plan",$I95,NA()) -> #N/A | W95: =IF($D95="Starter Plan",$H95,NA()) -> #N/A | X95: =IF($D95="Starter Plan",$I95,NA()) -> #N/A
A96: =TRIM(CLEAN(PROPER(peakflow_q1_2025_dirty!A95))) -> D-1199 | B96: =DATEVALUE(TRIM(CLEAN(peakflow_q1_2025_dirty!B95))) -> 45686 | C96: =TRIM(CLEAN(PROPER(peakflow_q1_2025_dirty!C95))) -> Meridian Group | D96: =TRIM(CLEAN(PROPER(peakflow_q1_2025_dirty!D95))) -> Starter Plan | E96: =TRIM(CLEAN(PROPER(peakflow_q1_2025_dirty!E95))) -> Carlos Mendez | F96: =TRIM(CLEAN(PROPER(peakflow_q1_2025_dirty!F95))) -> Maya Rodriguez | G96: =TRIM(CLEAN(UPPER(peakflow_q1_2025_dirty!G95))) -> EMEA | H96: =VALUE(TRIM((CLEAN(peakflow_q1_2025_dirty!H95)))) -> 1 | I96: =VALUE(SUBSTITUTE(peakflow_q1_2025_dirty!I95,".","," )) -> 49.17 | J96: =H96*I96 -> 49.17 | K96: =TEXT(B96,"MMMM") -> Januar | M96: =IF($D96="Add-On: Analytics",$H96,NA()) -> #N/A | N96: =IF($D96="Add-On: Analytics",$I96,NA()) -> #N/A | O96: =IF($D96="Add-On: Support",$H96,NA()) -> #N/A | P96: =IF($D96="Add-On: Support",$I96,NA()) -> #N/A | Q96: =IF($D96="Business Plan",$H96,NA()) -> #N/A | R96: =IF($D96="Business Plan",$I96,NA()) -> #N/A | S96: =IF($D96="Enterprise Plan",$H96,NA()) -> #N/A | T96: =IF($D96="Enterprise Plan",$I96,NA()) -> #N/A | U96: =IF($D96="Pro Plan",$H96,NA()) -> #N/A | V96: =IF($D96="Pro Plan",$I96,NA()) -> #N/A | W96: =IF($D96="Starter Plan",$H96,NA()) -> 1 | X96: =IF($D96="Starter Plan",$I96,NA()) -> 49.17
A97: =TRIM(CLEAN(PROPER(peakflow_q1_2025_dirty!A96))) -> D-1014 | B97: =DATEVALUE(TRIM(CLEAN(peakflow_q1_2025_dirty!B96))) -> 45687 | C97: =TRIM(CLEAN(PROPER(peakflow_q1_2025_dirty!C96))) -> Obsidian Co | D97: =TRIM(CLEAN(PROPER(peakflow_q1_2025_dirty!D96))) -> Add-On: Support | E97: =TRIM(CLEAN(PROPER(peakflow_q1_2025_dirty!E96))) -> Carlos Mendez | F97: =TRIM(CLEAN(PROPER(peakflow_q1_2025_dirty!F96))) -> Maya Rodriguez | G97: =TRIM(CLEAN(UPPER(peakflow_q1_2025_dirty!G96))) -> EMEA | H97: =VALUE(TRIM((CLEAN(peakflow_q1_2025_dirty!H96)))) -> 1 | I97: =VALUE(SUBSTITUTE(peakflow_q1_2025_dirty!I96,".","," )) -> 114.94 | J97: =H97*I97 -> 114.94 | K97: =TEXT(B97,"MMMM") -> Januar | M97: =IF($D97="Add-On: Analytics",$H97,NA()) -> #N/A | N97: =IF($D97="Add-On: Analytics",$I97,NA()) -> #N/A | O97: =IF($D97="Add-On: Support",$H97,NA()) -> 1 | P97: =IF($D97="Add-On: Support",$I97,NA()) -> 114.94 | Q97: =IF($D97="Business Plan",$H97,NA()) -> #N/A | R97: =IF($D97="Business Plan",$I97,NA()) -> #N/A | S97: =IF($D97="Enterprise Plan",$H97,NA()) -> #N/A | T97: =IF($D97="Enterprise Plan",$I97,NA()) -> #N/A | U97: =IF($D97="Pro Plan",$H97,NA()) -> #N/A | V97: =IF($D97="Pro Plan",$I97,NA()) -> #N/A | W97: =IF($D97="Starter Plan",$H97,NA()) -> #N/A | X97: =IF($D97="Starter Plan",$I97,NA()) -> #N/A
A98: =TRIM(CLEAN(PROPER(peakflow_q1_2025_dirty!A97))) -> D-1051 | B98: =DATEVALUE(TRIM(CLEAN(peakflow_q1_2025_dirty!B97))) -> 45687 | C98: =TRIM(CLEAN(PROPER(peakflow_q1_2025_dirty!C97))) -> Orbit Co | D98: =TRIM(CLEAN(PROPER(peakflow_q1_2025_dirty!D97))) -> Enterprise Plan | E98: =TRIM(CLEAN(PROPER(peakflow_q1_2025_dirty!E97))) -> Elena Rossi | F98: =TRIM(CLEAN(PROPER(peakflow_q1_2025_dirty!F97))) -> Lukas Becker | G98: =TRIM(CLEAN(UPPER(peakflow_q1_2025_dirty!G97))) -> APAC | H98: =VALUE(TRIM((CLEAN(peakflow_q1_2025_dirty!H97)))) -> 2 | I98: =VALUE(SUBSTITUTE(peakflow_q1_2025_dirty!I97,".","," )) -> 1035.34 | J98: =H98*I98 -> 2070.68 | K98: =TEXT(B98,"MMMM") -> Januar | M98: =IF($D98="Add-On: Analytics",$H98,NA()) -> #N/A | N98: =IF($D98="Add-On: Analytics",$I98,NA()) -> #N/A | O98: =IF($D98="Add-On: Support",$H98,NA()) -> #N/A | P98: =IF($D98="Add-On: Support",$I98,NA()) -> #N/A | Q98: =IF($D98="Business Plan",$H98,NA()) -> #N/A | R98: =IF($D98="Business Plan",$I98,NA()) -> #N/A | S98: =IF($D98="Enterprise Plan",$H98,NA()) -> 2 | T98: =IF($D98="Enterprise Plan",$I98,NA()) -> 1035.34 | U98: =IF($D98="Pro Plan",$H98,NA()) -> #N/A | V98: =IF($D98="Pro Plan",$I98,NA()) -> #N/A | W98: =IF($D98="Starter Plan",$H98,NA()) -> #N/A | X98: =IF($D98="Starter Plan",$I98,NA()) -> #N/A
A99: =TRIM(CLEAN(PROPER(peakflow_q1_2025_dirty!A98))) -> D-1140 | B99: =DATEVALUE(TRIM(CLEAN(peakflow_q1_2025_dirty!B98))) -> 45687 | C99: =TRIM(CLEAN(PROPER(peakflow_q1_2025_dirty!C98))) -> Solstice Group | D99: =TRIM(CLEAN(PROPER(peakflow_q1_2025_dirty!D98))) -> Add-On: Support | E99: =TRIM(CLEAN(PROPER(peakflow_q1_2025_dirty!E98))) -> Priya Patel | F99: =TRIM(CLEAN(PROPER(peakflow_q1_2025_dirty!F98))) -> Maya Rodriguez | G99: =TRIM(CLEAN(UPPER(peakflow_q1_2025_dirty!G98))) -> APAC | H99: =VALUE(TRIM((CLEAN(peakflow_q1_2025_dirty!H98)))) -> 2 | I99: =VALUE(SUBSTITUTE(peakflow_q1_2025_dirty!I98,".","," )) -> 122.21 | J99: =H99*I99 -> 244.42 | K99: =TEXT(B99,"MMMM") -> Januar | M99: =IF($D99="Add-On: Analytics",$H99,NA()) -> #N/A | N99: =IF($D99="Add-On: Analytics",$I99,NA()) -> #N/A | O99: =IF($D99="Add-On: Support",$H99,NA()) -> 2 | P99: =IF($D99="Add-On: Support",$I99,NA()) -> 122.21 | Q99: =IF($D99="Business Plan",$H99,NA()) -> #N/A | R99: =IF($D99="Business Plan",$I99,NA()) -> #N/A | S99: =IF($D99="Enterprise Plan",$H99,NA()) -> #N/A | T99: =IF($D99="Enterprise Plan",$I99,NA()) -> #N/A | U99: =IF($D99="Pro Plan",$H99,NA()) -> #N/A | V99: =IF($D99="Pro Plan",$I99,NA()) -> #N/A | W99: =IF($D99="Starter Plan",$H99,NA()) -> #N/A | X99: =IF($D99="Starter Plan",$I99,NA()) -> #N/A
A100: =TRIM(CLEAN(PROPER(peakflow_q1_2025_dirty!A99))) -> D-1178 | B100: =DATEVALUE(TRIM(CLEAN(peakflow_q1_2025_dirty!B99))) -> 45687 | C100: =TRIM(CLEAN(PROPER(peakflow_q1_2025_dirty!C99))) -> Verdant Inc | D100: =TRIM(CLEAN(PROPER(peakflow_q1_2025_dirty!D99))) -> Enterprise Plan | E100: =TRIM(CLEAN(PROPER(peakflow_q1_2025_dirty!E99))) -> Marcus Johnson | F100: =TRIM(CLEAN(PROPER(peakflow_q1_2025_dirty!F99))) -> Sarah Chen | G100: =TRIM(CLEAN(UPPER(peakflow_q1_2025_dirty!G99))) -> EMEA | H100: =VALUE(TRIM((CLEAN(peakflow_q1_2025_dirty!H99)))) -> 20 | I100: =VALUE(SUBSTITUTE(peakflow_q1_2025_dirty!I99,".","," )) -> 1004.37 | J100: =H100*I100 -> 20087.4 | K100: =TEXT(B100,"MMMM") -> Januar | M100: =IF($D100="Add-On: Analytics",$H100,NA()) -> #N/A | N100: =IF($D100="Add-On: Analytics",$I100,NA()) -> #N/A | O100: =IF($D100="Add-On: Support",$H100,NA()) -> #N/A | P100: =IF($D100="Add-On: Support",$I100,NA()) -> #N/A | Q100: =IF($D100="Business Plan",$H100,NA()) -> #N/A | R100: =IF($D100="Business Plan",$I100,NA()) -> #N/A | S100: =IF($D100="Enterprise Plan",$H100,NA()) -> 20 | T100: =IF($D100="Enterprise Plan",$I100,NA()) -> 1004.37 | U100: =IF($D100="Pro Plan",$H100,NA()) -> #N/A | V100: =IF($D100="Pro Plan",$I100,NA()) -> #N/A | W100: =IF($D100="Starter Plan",$H100,NA()) -> #N/A | X100: =IF($D100="Starter Plan",$I100,NA()) -> #N/A
...

Sheet Zusammenfassung
A1: PeakFlow Q1 2025 – Zusammenfassung
A3: Hauptkennzahlen
A4: Anzahl der Geschäfte | B4: =COUNTA('Geschäfte'!A4:A253) -> 250
A5: Gesamtumsatz | B5: =SUM('Geschäfte'!J4:J253) -> 364634.55
A6: Durchschnittlicher Deal | B6: =AVERAGE('Geschäfte'!J4:J253) -> 1458.5382
A7: Median | B7: =MEDIAN('Geschäfte'!J4:J253) -> 386.76
A8: Minimum | B8: =MIN('Geschäfte'!J4:J253) -> 41.17
A9: Maximum | B9: =MAX('Geschäfte'!J4:J253) -> 46616
A10: Spannweite | B10: =B9-B8 -> 46574.83
A11: Standardabweichung | B11: =STDEV('Geschäfte'!J4:J253) -> 4165.1839
A12: Q1 | B12: =quartile('Geschäfte'!J4:J253,1) -> 133.4775
A13: Q3 | B13: =quartile('Geschäfte'!J4:J253,3) -> 1069.4625
A14: Interquartilsabstand | B14: =B13-B12 -> 935.985
A16: Der Durchschnitt beträgt 1.458,54 $, der Median aber nur 386,76 $. Der deutlich höhere Durchschnitt zeigt, dass einige sehr große Geschäfte den Durchschnitt nach oben ziehen. Die Verteilung der Geschäftsgrößen ist deshalb rechtsschief.
A18: Umsatz nach Monat
A19: Monat | B19: Gesamtsumsatz | C19: Anzahl der Geschäfte | D19: Durchschnitt
A20: Januar | B20: =SUMIFS('Geschäfte'!$J$4:$J$253,'Geschäfte'!$K$4:$K$253,A20) -> 186600.12 | C20: {=COUNTIF('Geschäfte'!$K$4:$K$253,A20)} -> 98 | D20: =AVERAGEIF('Geschäfte'!$K$4:$K$253,A20,'Geschäfte'!$J$4:$J$253) -> 1904.0829
A21: Februar | B21: =SUMIFS('Geschäfte'!$J$4:$J$253,'Geschäfte'!$K$4:$K$253,A21) -> 85430.35 | C21: {=COUNTIF('Geschäfte'!$K$4:$K$253,A21)} -> 70 | D21: =AVERAGEIF('Geschäfte'!$K$4:$K$253,A21,'Geschäfte'!$J$4:$J$253) -> 1220.4336
A22: März | B22: =SUMIFS('Geschäfte'!$J$4:$J$253,'Geschäfte'!$K$4:$K$253,A22) -> 92604.08 | C22: {=COUNTIF('Geschäfte'!$K$4:$K$253,A22)} -> 82 | D22: =AVERAGEIF('Geschäfte'!$K$4:$K$253,A22,'Geschäfte'!$J$4:$J$253) -> 1129.318
A23: Gesamt | B23: =SUM(B20:B22) -> 364634.55 | C23: =SUM(C20:C22) -> 250 | D23: =AVERAGE('Geschäfte'!J4:J253) -> 1458.5382
A25: Umsatz nach Region
A26: Region | B26: Anzahl der Geschäfte | C26: Gesamtsumsatz | D26: Durchschnitt
A27: =IFERROR(__xludf.DUMMYFUNCTION("SORT(UNIQUE(FILTER('Geschäfte'!G4:G253,'Geschäfte'!G4:G253<>"""")))"),"APAC") -> APAC | B27: {=COUNTIF('Geschäfte'!$G$4:$G$253,A27)} -> 66 | C27: =SUMIFS('Geschäfte'!$J$4:$J$253,'Geschäfte'!$G$4:$G$253,A27) -> 120025.49 | D27: =AVERAGEIF('Geschäfte'!$G$4:$G$253,A27,'Geschäfte'!$J$4:$J$253) -> 1818.568
A28: =IFERROR(__xludf.DUMMYFUNCTION("""COMPUTED_VALUE"""),"EMEA") -> EMEA | B28: {=COUNTIF('Geschäfte'!$G$4:$G$253,A28)} -> 65 | C28: =SUMIFS('Geschäfte'!$J$4:$J$253,'Geschäfte'!$G$4:$G$253,A28) -> 78148.92 | D28: =AVERAGEIF('Geschäfte'!$G$4:$G$253,A28,'Geschäfte'!$J$4:$J$253) -> 1202.2911
A29: =IFERROR(__xludf.DUMMYFUNCTION("""COMPUTED_VALUE"""),"LATAM") -> LATAM | B29: {=COUNTIF('Geschäfte'!$G$4:$G$253,A29)} -> 53 | C29: =SUMIFS('Geschäfte'!$J$4:$J$253,'Geschäfte'!$G$4:$G$253,A29) -> 93875.14 | D29: =AVERAGEIF('Geschäfte'!$G$4:$G$253,A29,'Geschäfte'!$J$4:$J$253) -> 1771.2291
A30: =IFERROR(__xludf.DUMMYFUNCTION("""COMPUTED_VALUE"""),"North America") -> North America | B30: {=COUNTIF('Geschäfte'!$G$4:$G$253,A30)} -> 66 | C30: =SUMIFS('Geschäfte'!$J$4:$J$253,'Geschäfte'!$G$4:$G$253,A30) -> 72585 | D30: =AVERAGEIF('Geschäfte'!$G$4:$G$253,A30,'Geschäfte'!$J$4:$J$253) -> 1099.7727
A31: Gesamt | B31: =SUM(B27:B30) -> 250 | C31: =SUM(C27:C30) -> 364634.55 | D31: =AVERAGE('Geschäfte'!J4:J253) -> 1458.5382
A33: Umsatz nach Kategorie
A34: Kategorie | B34: Anzahl der Geschäfte | C34: Gesamtsumsatz | D34: Durchschnitt | E34: % Revenue
A35: =IFERROR(__xludf.DUMMYFUNCTION("SORT(UNIQUE(FILTER('Geschäfte'!D4:D253,'Geschäfte'!D4:D253<>"""")))"),"Add-On: Analytics") -> Add-On: Analytics | B35: {=COUNTIF('Geschäfte'!$D$4:$D$253,A35)} -> 22 | C35: =SUMIFS('Geschäfte'!$J$4:$J$253,'Geschäfte'!$D$4:$D$253,A35) -> 11705.37 | D35: =AVERAGEIF('Geschäfte'!$D$4:$D$253,A35,'Geschäfte'!$J$4:$J$253) -> 532.06227 | E35: =C35/$C$41 -> 0.032101648
A36: =IFERROR(__xludf.DUMMYFUNCTION("""COMPUTED_VALUE"""),"Add-On: Support") -> Add-On: Support | B36: {=COUNTIF('Geschäfte'!$D$4:$D$253,A36)} -> 18 | C36: =SUMIFS('Geschäfte'!$J$4:$J$253,'Geschäfte'!$D$4:$D$253,A36) -> 8208.19 | D36: =AVERAGEIF('Geschäfte'!$D$4:$D$253,A36,'Geschäfte'!$J$4:$J$253) -> 456.01056 | E36: =C36/$C$41 -> 0.02251073
A37: =IFERROR(__xludf.DUMMYFUNCTION("""COMPUTED_VALUE"""),"Business Plan") -> Business Plan | B37: {=COUNTIF('Geschäfte'!$D$4:$D$253,A37)} -> 43 | C37: =SUMIFS('Geschäfte'!$J$4:$J$253,'Geschäfte'!$D$4:$D$253,A37) -> 56431.16 | D37: =AVERAGEIF('Geschäfte'!$D$4:$D$253,A37,'Geschäfte'!$J$4:$J$253) -> 1312.3526 | E37: =C37/$C$41 -> 0.15476087
A38: =IFERROR(__xludf.DUMMYFUNCTION("""COMPUTED_VALUE"""),"Enterprise Plan") -> Enterprise Plan | B38: {=COUNTIF('Geschäfte'!$D$4:$D$253,A38)} -> 23 | C38: =SUMIFS('Geschäfte'!$J$4:$J$253,'Geschäfte'!$D$4:$D$253,A38) -> 170914.03 | D38: =AVERAGEIF('Geschäfte'!$D$4:$D$253,A38,'Geschäfte'!$J$4:$J$253) -> 7431.0448 | E38: =C38/$C$41 -> 0.46872692
A39: =IFERROR(__xludf.DUMMYFUNCTION("""COMPUTED_VALUE"""),"Pro Plan") -> Pro Plan | B39: {=COUNTIF('Geschäfte'!$D$4:$D$253,A39)} -> 70 | C39: =SUMIFS('Geschäfte'!$J$4:$J$253,'Geschäfte'!$D$4:$D$253,A39) -> 85206.85 | D39: =AVERAGEIF('Geschäfte'!$D$4:$D$253,A39,'Geschäfte'!$J$4:$J$253) -> 1217.2407 | E39: =C39/$C$41 -> 0.23367739
A40: =IFERROR(__xludf.DUMMYFUNCTION("""COMPUTED_VALUE"""),"Starter Plan") -> Starter Plan | B40: {=COUNTIF('Geschäfte'!$D$4:$D$253,A40)} -> 74 | C40: =SUMIFS('Geschäfte'!$J$4:$J$253,'Geschäfte'!$D$4:$D$253,A40) -> 32168.95 | D40: =AVERAGEIF('Geschäfte'!$D$4:$D$253,A40,'Geschäfte'!$J$4:$J$253) -> 434.71554 | E40: =C40/$C$41 -> 0.088222441
A41: Gesamt | B41: =SUM(B35:B40) -> 250 | C41: =SUM(C35:C40) -> 364634.55 | D41: =AVERAGE('Geschäfte'!J4:J253) -> 1458.5382 | E41: =C41/$C$41 -> 1

Sheet Pivot-Tabellen
A2: Vertriebsmitarbeiter x Kategorie | J2: Vertriebsmitarbeiter x Region

Sheet Top-Performer
A2: Hifttabelle für die Sortierung nach Absteigend | G2: Top-Vertriebsmitarbeiter nach Gesamtanzahl der Geschäfte
A3: Rank | B3: SalesRep | C3: Anzahl der Geschäfte | D3: Gesamtumsatz | G3: Rank | H3: Sales Rep | I3: Anzahl der Geschäfte | J3: Gesamtumsatz
A4: =_xlfn.RANK.EQ(C4,$C$4:$C$15,0) -> 2 | B4: =IFERROR(__xludf.DUMMYFUNCTION("SORT(UNIQUE(FILTER('Geschäfte'!E4:E253,'Geschäfte'!E4:E253<>"""")))"),"Aisha Hassan") -> Aisha Hassan | C4: =COUNTIF('Geschäfte'!$E$4:$E$253,B4) -> 28 | D4: =SUMIFS('Geschäfte'!$J$4:$J$253,'Geschäfte'!$E$4:$E$253,B4) -> 33871.15 | G4: =IFERROR(__xludf.DUMMYFUNCTION("SORT(FILTER(A4:D15,C4:C15>=LARGE(C4:C15,10)),3,FALSE)"),1.0) -> 1 | H4: =IFERROR(__xludf.DUMMYFUNCTION("""COMPUTED_VALUE"""),"Marcus Johnson") -> Marcus Johnson | I4: =IFERROR(__xludf.DUMMYFUNCTION("""COMPUTED_VALUE"""),37.0) -> 37 | J4: =IFERROR(__xludf.DUMMYFUNCTION("""COMPUTED_VALUE"""),78951.97) -> 78951.97
A5: =_xlfn.RANK.EQ(C5,$C$4:$C$15,0) -> 3 | B5: =IFERROR(__xludf.DUMMYFUNCTION("""COMPUTED_VALUE"""),"Carlos Mendez") -> Carlos Mendez | C5: =COUNTIF('Geschäfte'!$E$4:$E$253,B5) -> 23 | D5: =SUMIFS('Geschäfte'!$J$4:$J$253,'Geschäfte'!$E$4:$E$253,B5) -> 24711.19 | G5: =IFERROR(__xludf.DUMMYFUNCTION("""COMPUTED_VALUE"""),2.0) -> 2 | H5: =IFERROR(__xludf.DUMMYFUNCTION("""COMPUTED_VALUE"""),"Aisha Hassan") -> Aisha Hassan | I5: =IFERROR(__xludf.DUMMYFUNCTION("""COMPUTED_VALUE"""),28.0) -> 28 | J5: =IFERROR(__xludf.DUMMYFUNCTION("""COMPUTED_VALUE"""),33871.14999999999) -> 33871.15
A6: =_xlfn.RANK.EQ(C6,$C$4:$C$15,0) -> 3 | B6: =IFERROR(__xludf.DUMMYFUNCTION("""COMPUTED_VALUE"""),"David Kim") -> David Kim | C6: =COUNTIF('Geschäfte'!$E$4:$E$253,B6) -> 23 | D6: =SUMIFS('Geschäfte'!$J$4:$J$253,'Geschäfte'!$E$4:$E$253,B6) -> 41052.59 | G6: =IFERROR(__xludf.DUMMYFUNCTION("""COMPUTED_VALUE"""),3.0) -> 3 | H6: =IFERROR(__xludf.DUMMYFUNCTION("""COMPUTED_VALUE"""),"Carlos Mendez") -> Carlos Mendez | I6: =IFERROR(__xludf.DUMMYFUNCTION("""COMPUTED_VALUE"""),23.0) -> 23 | J6: =IFERROR(__xludf.DUMMYFUNCTION("""COMPUTED_VALUE"""),24711.19) -> 24711.19
A7: =_xlfn.RANK.EQ(C7,$C$4:$C$15,0) -> 8 | B7: =IFERROR(__xludf.DUMMYFUNCTION("""COMPUTED_VALUE"""),"Elena Rossi") -> Elena Rossi | C7: =COUNTIF('Geschäfte'!$E$4:$E$253,B7) -> 17 | D7: =SUMIFS('Geschäfte'!$J$4:$J$253,'Geschäfte'!$E$4:$E$253,B7) -> 20237.52 | G7: =IFERROR(__xludf.DUMMYFUNCTION("""COMPUTED_VALUE"""),3.0) -> 3 | H7: =IFERROR(__xludf.DUMMYFUNCTION("""COMPUTED_VALUE"""),"David Kim") -> David Kim | I7: =IFERROR(__xludf.DUMMYFUNCTION("""COMPUTED_VALUE"""),23.0) -> 23 | J7: =IFERROR(__xludf.DUMMYFUNCTION("""COMPUTED_VALUE"""),41052.59) -> 41052.59
A8: =_xlfn.RANK.EQ(C8,$C$4:$C$15,0) -> 7 | B8: =IFERROR(__xludf.DUMMYFUNCTION("""COMPUTED_VALUE"""),"Hannah Lee") -> Hannah Lee | C8: =COUNTIF('Geschäfte'!$E$4:$E$253,B8) -> 18 | D8: =SUMIFS('Geschäfte'!$J$4:$J$253,'Geschäfte'!$E$4:$E$253,B8) -> 22534 | G8: =IFERROR(__xludf.DUMMYFUNCTION("""COMPUTED_VALUE"""),5.0) -> 5 | H8: =IFERROR(__xludf.DUMMYFUNCTION("""COMPUTED_VALUE"""),"Nina Petrov") -> Nina Petrov | I8: =IFERROR(__xludf.DUMMYFUNCTION("""COMPUTED_VALUE"""),22.0) -> 22 | J8: =IFERROR(__xludf.DUMMYFUNCTION("""COMPUTED_VALUE"""),64774.73999999998) -> 64774.74
A9: =_xlfn.RANK.EQ(C9,$C$4:$C$15,0) -> 11 | B9: =IFERROR(__xludf.DUMMYFUNCTION("""COMPUTED_VALUE"""),"James Park") -> James Park | C9: =COUNTIF('Geschäfte'!$E$4:$E$253,B9) -> 15 | D9: =SUMIFS('Geschäfte'!$J$4:$J$253,'Geschäfte'!$E$4:$E$253,B9) -> 15195.14 | G9: =IFERROR(__xludf.DUMMYFUNCTION("""COMPUTED_VALUE"""),6.0) -> 6 | H9: =IFERROR(__xludf.DUMMYFUNCTION("""COMPUTED_VALUE"""),"Priya Patel") -> Priya Patel | I9: =IFERROR(__xludf.DUMMYFUNCTION("""COMPUTED_VALUE"""),21.0) -> 21 | J9: =IFERROR(__xludf.DUMMYFUNCTION("""COMPUTED_VALUE"""),10309.6) -> 10309.6
A10: =_xlfn.RANK.EQ(C10,$C$4:$C$15,0) -> 1 | B10: =IFERROR(__xludf.DUMMYFUNCTION("""COMPUTED_VALUE"""),"Marcus Johnson") -> Marcus Johnson | C10: =COUNTIF('Geschäfte'!$E$4:$E$253,B10) -> 37 | D10: =SUMIFS('Geschäfte'!$J$4:$J$253,'Geschäfte'!$E$4:$E$253,B10) -> 78951.97 | G10: =IFERROR(__xludf.DUMMYFUNCTION("""COMPUTED_VALUE"""),7.0) -> 7 | H10: =IFERROR(__xludf.DUMMYFUNCTION("""COMPUTED_VALUE"""),"Hannah Lee") -> Hannah Lee | I10: =IFERROR(__xludf.DUMMYFUNCTION("""COMPUTED_VALUE"""),18.0) -> 18 | J10: =IFERROR(__xludf.DUMMYFUNCTION("""COMPUTED_VALUE"""),22534.0) -> 22534
A11: =_xlfn.RANK.EQ(C11,$C$4:$C$15,0) -> 5 | B11: =IFERROR(__xludf.DUMMYFUNCTION("""COMPUTED_VALUE"""),"Nina Petrov") -> Nina Petrov | C11: =COUNTIF('Geschäfte'!$E$4:$E$253,B11) -> 22 | D11: =SUMIFS('Geschäfte'!$J$4:$J$253,'Geschäfte'!$E$4:$E$253,B11) -> 64774.74 | G11: =IFERROR(__xludf.DUMMYFUNCTION("""COMPUTED_VALUE"""),8.0) -> 8 | H11: =IFERROR(__xludf.DUMMYFUNCTION("""COMPUTED_VALUE"""),"Elena Rossi") -> Elena Rossi | I11: =IFERROR(__xludf.DUMMYFUNCTION("""COMPUTED_VALUE"""),17.0) -> 17 | J11: =IFERROR(__xludf.DUMMYFUNCTION("""COMPUTED_VALUE"""),20237.519999999997) -> 20237.52
A12: =_xlfn.RANK.EQ(C12,$C$4:$C$15,0) -> 6 | B12: =IFERROR(__xludf.DUMMYFUNCTION("""COMPUTED_VALUE"""),"Priya Patel") -> Priya Patel | C12: =COUNTIF('Geschäfte'!$E$4:$E$253,B12) -> 21 | D12: =SUMIFS('Geschäfte'!$J$4:$J$253,'Geschäfte'!$E$4:$E$253,B12) -> 10309.6 | G12: =IFERROR(__xludf.DUMMYFUNCTION("""COMPUTED_VALUE"""),8.0) -> 8 | H12: =IFERROR(__xludf.DUMMYFUNCTION("""COMPUTED_VALUE"""),"Raj Sharma") -> Raj Sharma | I12: =IFERROR(__xludf.DUMMYFUNCTION("""COMPUTED_VALUE"""),17.0) -> 17 | J12: =IFERROR(__xludf.DUMMYFUNCTION("""COMPUTED_VALUE"""),22412.22) -> 22412.22
A13: =_xlfn.RANK.EQ(C13,$C$4:$C$15,0) -> 8 | B13: =IFERROR(__xludf.DUMMYFUNCTION("""COMPUTED_VALUE"""),"Raj Sharma") -> Raj Sharma | C13: =COUNTIF('Geschäfte'!$E$4:$E$253,B13) -> 17 | D13: =SUMIFS('Geschäfte'!$J$4:$J$253,'Geschäfte'!$E$4:$E$253,B13) -> 22412.22 | G13: =IFERROR(__xludf.DUMMYFUNCTION("""COMPUTED_VALUE"""),10.0) -> 10 | H13: =IFERROR(__xludf.DUMMYFUNCTION("""COMPUTED_VALUE"""),"Tom Wilson") -> Tom Wilson | I13: =IFERROR(__xludf.DUMMYFUNCTION("""COMPUTED_VALUE"""),16.0) -> 16 | J13: =IFERROR(__xludf.DUMMYFUNCTION("""COMPUTED_VALUE"""),15401.820000000002) -> 15401.82
A14: =_xlfn.RANK.EQ(C14,$C$4:$C$15,0) -> 12 | B14: =IFERROR(__xludf.DUMMYFUNCTION("""COMPUTED_VALUE"""),"Sophie Laurent") -> Sophie Laurent | C14: =COUNTIF('Geschäfte'!$E$4:$E$253,B14) -> 13 | D14: =SUMIFS('Geschäfte'!$J$4:$J$253,'Geschäfte'!$E$4:$E$253,B14) -> 15182.61
A15: =_xlfn.RANK.EQ(C15,$C$4:$C$15,0) -> 10 | B15: =IFERROR(__xludf.DUMMYFUNCTION("""COMPUTED_VALUE"""),"Tom Wilson") -> Tom Wilson | C15: =COUNTIF('Geschäfte'!$E$4:$E$253,B15) -> 16 | D15: =SUMIFS('Geschäfte'!$J$4:$J$253,'Geschäfte'!$E$4:$E$253,B15) -> 15401.82
A19: Hilfstabelle | G19: Top-Vertriebsmitarbeiter nach durchschnittlicher Deal-Größe
A20: Rank | B20: SalesRep | C20: Anzahl der Geschäfte | D20: Durchschnitt | G20: Rank | H20: SalesRep | I20: Anzahl der Geschäfte | J20: Durchschnitt
A21: =_xlfn.RANK.EQ(D21,$D$21:$D$32,0) -> 6 | B21: =IFERROR(__xludf.DUMMYFUNCTION("SORT(UNIQUE(FILTER('Geschäfte'!E4:E253,'Geschäfte'!E4:E253<>"""")))"),"Aisha Hassan") -> Aisha Hassan | C21: =COUNTIF('Geschäfte'!$E$4:$E$253,B4) -> 28 | D21: =D4/C4 -> 1209.6839 | G21: =IFERROR(__xludf.DUMMYFUNCTION("SORT(FILTER(A21:D32,D21:D32>=LARGE(D21:D32,10)),4,FALSE)"),1.0) -> 1 | H21: =IFERROR(__xludf.DUMMYFUNCTION("""COMPUTED_VALUE"""),"Nina Petrov") -> Nina Petrov | I21: =IFERROR(__xludf.DUMMYFUNCTION("""COMPUTED_VALUE"""),22.0) -> 22 | J21: =IFERROR(__xludf.DUMMYFUNCTION("""COMPUTED_VALUE"""),2944.3063636363627) -> 2944.3064
A22: =_xlfn.RANK.EQ(D22,$D$21:$D$32,0) -> 9 | B22: =IFERROR(__xludf.DUMMYFUNCTION("""COMPUTED_VALUE"""),"Carlos Mendez") -> Carlos Mendez | C22: =COUNTIF('Geschäfte'!$E$4:$E$253,B5) -> 23 | D22: =D5/C5 -> 1074.3996 | G22: =IFERROR(__xludf.DUMMYFUNCTION("""COMPUTED_VALUE"""),2.0) -> 2 | H22: =IFERROR(__xludf.DUMMYFUNCTION("""COMPUTED_VALUE"""),"Marcus Johnson") -> Marcus Johnson | I22: =IFERROR(__xludf.DUMMYFUNCTION("""COMPUTED_VALUE"""),37.0) -> 37 | J22: =IFERROR(__xludf.DUMMYFUNCTION("""COMPUTED_VALUE"""),2133.837027027027) -> 2133.837
A23: =_xlfn.RANK.EQ(D23,$D$21:$D$32,0) -> 3 | B23: =IFERROR(__xludf.DUMMYFUNCTION("""COMPUTED_VALUE"""),"David Kim") -> David Kim | C23: =COUNTIF('Geschäfte'!$E$4:$E$253,B6) -> 23 | D23: =D6/C6 -> 1784.8952 | G23: =IFERROR(__xludf.DUMMYFUNCTION("""COMPUTED_VALUE"""),3.0) -> 3 | H23: =IFERROR(__xludf.DUMMYFUNCTION("""COMPUTED_VALUE"""),"David Kim") -> David Kim | I23: =IFERROR(__xludf.DUMMYFUNCTION("""COMPUTED_VALUE"""),23.0) -> 23 | J23: =IFERROR(__xludf.DUMMYFUNCTION("""COMPUTED_VALUE"""),1784.8952173913042) -> 1784.8952
A24: =_xlfn.RANK.EQ(D24,$D$21:$D$32,0) -> 7 | B24: =IFERROR(__xludf.DUMMYFUNCTION("""COMPUTED_VALUE"""),"Elena Rossi") -> Elena Rossi | C24: =COUNTIF('Geschäfte'!$E$4:$E$253,B7) -> 17 | D24: =D7/C7 -> 1190.4424 | G24: =IFERROR(__xludf.DUMMYFUNCTION("""COMPUTED_VALUE"""),4.0) -> 4 | H24: =IFERROR(__xludf.DUMMYFUNCTION("""COMPUTED_VALUE"""),"Raj Sharma") -> Raj Sharma | I24: =IFERROR(__xludf.DUMMYFUNCTION("""COMPUTED_VALUE"""),17.0) -> 17 | J24: =IFERROR(__xludf.DUMMYFUNCTION("""COMPUTED_VALUE"""),1318.3658823529413) -> 1318.3659
A25: =_xlfn.RANK.EQ(D25,$D$21:$D$32,0) -> 5 | B25: =IFERROR(__xludf.DUMMYFUNCTION("""COMPUTED_VALUE"""),"Hannah Lee") -> Hannah Lee | C25: =COUNTIF('Geschäfte'!$E$4:$E$253,B8) -> 18 | D25: =D8/C8 -> 1251.8889 | G25: =IFERROR(__xludf.DUMMYFUNCTION("""COMPUTED_VALUE"""),5.0) -> 5 | H25: =IFERROR(__xludf.DUMMYFUNCTION("""COMPUTED_VALUE"""),"Hannah Lee") -> Hannah Lee | I25: =IFERROR(__xludf.DUMMYFUNCTION("""COMPUTED_VALUE"""),18.0) -> 18 | J25: =IFERROR(__xludf.DUMMYFUNCTION("""COMPUTED_VALUE"""),1251.888888888889) -> 1251.8889
A26: =_xlfn.RANK.EQ(D26,$D$21:$D$32,0) -> 10 | B26: =IFERROR(__xludf.DUMMYFUNCTION("""COMPUTED_VALUE"""),"James Park") -> James Park | C26: =COUNTIF('Geschäfte'!$E$4:$E$253,B9) -> 15 | D26: =D9/C9 -> 1013.0093 | G26: =IFERROR(__xludf.DUMMYFUNCTION("""COMPUTED_VALUE"""),6.0) -> 6 | H26: =IFERROR(__xludf.DUMMYFUNCTION("""COMPUTED_VALUE"""),"Aisha Hassan") -> Aisha Hassan | I26: =IFERROR(__xludf.DUMMYFUNCTION("""COMPUTED_VALUE"""),28.0) -> 28 | J26: =IFERROR(__xludf.DUMMYFUNCTION("""COMPUTED_VALUE"""),1209.6839285714282) -> 1209.6839
A27: =_xlfn.RANK.EQ(D27,$D$21:$D$32,0) -> 2 | B27: =IFERROR(__xludf.DUMMYFUNCTION("""COMPUTED_VALUE"""),"Marcus Johnson") -> Marcus Johnson | C27: =COUNTIF('Geschäfte'!$E$4:$E$253,B10) -> 37 | D27: =D10/C10 -> 2133.837 | G27: =IFERROR(__xludf.DUMMYFUNCTION("""COMPUTED_VALUE"""),7.0) -> 7 | H27: =IFERROR(__xludf.DUMMYFUNCTION("""COMPUTED_VALUE"""),"Elena Rossi") -> Elena Rossi | I27: =IFERROR(__xludf.DUMMYFUNCTION("""COMPUTED_VALUE"""),17.0) -> 17 | J27: =IFERROR(__xludf.DUMMYFUNCTION("""COMPUTED_VALUE"""),1190.4423529411763) -> 1190.4424
A28: =_xlfn.RANK.EQ(D28,$D$21:$D$32,0) -> 1 | B28: =IFERROR(__xludf.DUMMYFUNCTION("""COMPUTED_VALUE"""),"Nina Petrov") -> Nina Petrov | C28: =COUNTIF('Geschäfte'!$E$4:$E$253,B11) -> 22 | D28: =D11/C11 -> 2944.3064 | G28: =IFERROR(__xludf.DUMMYFUNCTION("""COMPUTED_VALUE"""),8.0) -> 8 | H28: =IFERROR(__xludf.DUMMYFUNCTION("""COMPUTED_VALUE"""),"Sophie Laurent") -> Sophie Laurent | I28: =IFERROR(__xludf.DUMMYFUNCTION("""COMPUTED_VALUE"""),13.0) -> 13 | J28: =IFERROR(__xludf.DUMMYFUNCTION("""COMPUTED_VALUE"""),1167.893076923077) -> 1167.8931
A29: =_xlfn.RANK.EQ(D29,$D$21:$D$32,0) -> 12 | B29: =IFERROR(__xludf.DUMMYFUNCTION("""COMPUTED_VALUE"""),"Priya Patel") -> Priya Patel | C29: =COUNTIF('Geschäfte'!$E$4:$E$253,B12) -> 21 | D29: =D12/C12 -> 490.93333 | G29: =IFERROR(__xludf.DUMMYFUNCTION("""COMPUTED_VALUE"""),9.0) -> 9 | H29: =IFERROR(__xludf.DUMMYFUNCTION("""COMPUTED_VALUE"""),"Carlos Mendez") -> Carlos Mendez | I29: =IFERROR(__xludf.DUMMYFUNCTION("""COMPUTED_VALUE"""),23.0) -> 23 | J29: =IFERROR(__xludf.DUMMYFUNCTION("""COMPUTED_VALUE"""),1074.3995652173912) -> 1074.3996
A30: =_xlfn.RANK.EQ(D30,$D$21:$D$32,0) -> 4 | B30: =IFERROR(__xludf.DUMMYFUNCTION("""COMPUTED_VALUE"""),"Raj Sharma") -> Raj Sharma | C30: =COUNTIF('Geschäfte'!$E$4:$E$253,B13) -> 17 | D30: =D13/C13 -> 1318.3659 | G30: =IFERROR(__xludf.DUMMYFUNCTION("""COMPUTED_VALUE"""),10.0) -> 10 | H30: =IFERROR(__xludf.DUMMYFUNCTION("""COMPUTED_VALUE"""),"James Park") -> James Park | I30: =IFERROR(__xludf.DUMMYFUNCTION("""COMPUTED_VALUE"""),15.0) -> 15 | J30: =IFERROR(__xludf.DUMMYFUNCTION("""COMPUTED_VALUE"""),1013.0093333333335) -> 1013.0093
A31: =_xlfn.RANK.EQ(D31,$D$21:$D$32,0) -> 8 | B31: =IFERROR(__xludf.DUMMYFUNCTION("""COMPUTED_VALUE"""),"Sophie Laurent") -> Sophie Laurent | C31: =COUNTIF('Geschäfte'!$E$4:$E$253,B14) -> 13 | D31: =D14/C14 -> 1167.8931
A32: =_xlfn.RANK.EQ(D32,$D$21:$D$32,0) -> 11 | B32: =IFERROR(__xludf.DUMMYFUNCTION("""COMPUTED_VALUE"""),"Tom Wilson") -> Tom Wilson | C32: =COUNTIF('Geschäfte'!$E$4:$E$253,B15) -> 16 | D32: =D15/C15 -> 962.61375
A36: Die zehn größten Einzelgeschäfte
A37: DealID | B37: Date | C37: CustomerName | D37: CategoryName | E37: SalesRep | F37: Manager | G37: Region | H37: Units | I37: UnitPrice | J37: Revenue | K37: Rank
A38: =IFERROR(__xludf.DUMMYFUNCTION("SORT(FILTER('Geschäfte'!A4:J253,'Geschäfte'!J4:J253>=LARGE('Geschäfte'!J4:J253,10)),10,FALSE)"),"D-1107") -> D-1107 | B38: =IFERROR(__xludf.DUMMYFUNCTION("""COMPUTED_VALUE"""),45685.0) -> 45685 | C38: =IFERROR(__xludf.DUMMYFUNCTION("""COMPUTED_VALUE"""),"Nova Inc") -> Nova Inc | D38: =IFERROR(__xludf.DUMMYFUNCTION("""COMPUTED_VALUE"""),"Enterprise Plan") -> Enterprise Plan | E38: =IFERROR(__xludf.DUMMYFUNCTION("""COMPUTED_VALUE"""),"Nina Petrov") -> Nina Petrov | F38: =IFERROR(__xludf.DUMMYFUNCTION("""COMPUTED_VALUE"""),"Lukas Becker") -> Lukas Becker | G38: =IFERROR(__xludf.DUMMYFUNCTION("""COMPUTED_VALUE"""),"APAC") -> APAC | H38: =IFERROR(__xludf.DUMMYFUNCTION("""COMPUTED_VALUE"""),50.0) -> 50 | I38: =IFERROR(__xludf.DUMMYFUNCTION("""COMPUTED_VALUE"""),932.32) -> 932.32 | J38: =IFERROR(__xludf.DUMMYFUNCTION("""COMPUTED_VALUE"""),46616.0) -> 46616 | K38: =_xlfn.RANK.EQ(J38,$J$38:$J$47,0) -> 1
A39: =IFERROR(__xludf.DUMMYFUNCTION("""COMPUTED_VALUE"""),"D-1248") -> D-1248 | B39: =IFERROR(__xludf.DUMMYFUNCTION("""COMPUTED_VALUE"""),45728.0) -> 45728 | C39: =IFERROR(__xludf.DUMMYFUNCTION("""COMPUTED_VALUE"""),"Quanta Labs") -> Quanta Labs | D39: =IFERROR(__xludf.DUMMYFUNCTION("""COMPUTED_VALUE"""),"Enterprise Plan") -> Enterprise Plan | E39: =IFERROR(__xludf.DUMMYFUNCTION("""COMPUTED_VALUE"""),"David Kim") -> David Kim | F39: =IFERROR(__xludf.DUMMYFUNCTION("""COMPUTED_VALUE"""),"Sarah Chen") -> Sarah Chen | G39: =IFERROR(__xludf.DUMMYFUNCTION("""COMPUTED_VALUE"""),"LATAM") -> LATAM | H39: =IFERROR(__xludf.DUMMYFUNCTION("""COMPUTED_VALUE"""),20.0) -> 20 | I39: =IFERROR(__xludf.DUMMYFUNCTION("""COMPUTED_VALUE"""),1203.23) -> 1203.23 | J39: =IFERROR(__xludf.DUMMYFUNCTION("""COMPUTED_VALUE"""),24064.6) -> 24064.6 | K39: =_xlfn.RANK.EQ(J39,$J$38:$J$47,0) -> 2
A40: =IFERROR(__xludf.DUMMYFUNCTION("""COMPUTED_VALUE"""),"D-1106") -> D-1106 | B40: =IFERROR(__xludf.DUMMYFUNCTION("""COMPUTED_VALUE"""),45674.0) -> 45674 | C40: =IFERROR(__xludf.DUMMYFUNCTION("""COMPUTED_VALUE"""),"Vertex Inc") -> Vertex Inc | D40: =IFERROR(__xludf.DUMMYFUNCTION("""COMPUTED_VALUE"""),"Enterprise Plan") -> Enterprise Plan | E40: =IFERROR(__xludf.DUMMYFUNCTION("""COMPUTED_VALUE"""),"Marcus Johnson") -> Marcus Johnson | F40: =IFERROR(__xludf.DUMMYFUNCTION("""COMPUTED_VALUE"""),"Sarah Chen") -> Sarah Chen | G40: =IFERROR(__xludf.DUMMYFUNCTION("""COMPUTED_VALUE"""),"LATAM") -> LATAM | H40: =IFERROR(__xludf.DUMMYFUNCTION("""COMPUTED_VALUE"""),20.0) -> 20 | I40: =IFERROR(__xludf.DUMMYFUNCTION("""COMPUTED_VALUE"""),1180.76) -> 1180.76 | J40: =IFERROR(__xludf.DUMMYFUNCTION("""COMPUTED_VALUE"""),23615.2) -> 23615.2 | K40: =_xlfn.RANK.EQ(J40,$J$38:$J$47,0) -> 3
A41: =IFERROR(__xludf.DUMMYFUNCTION("""COMPUTED_VALUE"""),"D-1178") -> D-1178 | B41: =IFERROR(__xludf.DUMMYFUNCTION("""COMPUTED_VALUE"""),45687.0) -> 45687 | C41: =IFERROR(__xludf.DUMMYFUNCTION("""COMPUTED_VALUE"""),"Verdant Inc") -> Verdant Inc | D41: =IFERROR(__xludf.DUMMYFUNCTION("""COMPUTED_VALUE"""),"Enterprise Plan") -> Enterprise Plan | E41: =IFERROR(__xludf.DUMMYFUNCTION("""COMPUTED_VALUE"""),"Marcus Johnson") -> Marcus Johnson | F41: =IFERROR(__xludf.DUMMYFUNCTION("""COMPUTED_VALUE"""),"Sarah Chen") -> Sarah Chen | G41: =IFERROR(__xludf.DUMMYFUNCTION("""COMPUTED_VALUE"""),"EMEA") -> EMEA | H41: =IFERROR(__xludf.DUMMYFUNCTION("""COMPUTED_VALUE"""),20.0) -> 20 | I41: =IFERROR(__xludf.DUMMYFUNCTION("""COMPUTED_VALUE"""),1004.37) -> 1004.37 | J41: =IFERROR(__xludf.DUMMYFUNCTION("""COMPUTED_VALUE"""),20087.4) -> 20087.4 | K41: =_xlfn.RANK.EQ(J41,$J$38:$J$47,0) -> 4
A42: =IFERROR(__xludf.DUMMYFUNCTION("""COMPUTED_VALUE"""),"D-1003") -> D-1003 | B42: =IFERROR(__xludf.DUMMYFUNCTION("""COMPUTED_VALUE"""),45685.0) -> 45685 | C42: =IFERROR(__xludf.DUMMYFUNCTION("""COMPUTED_VALUE"""),"Citadel Group") -> Citadel Group | D42: =IFERROR(__xludf.DUMMYFUNCTION("""COMPUTED_VALUE"""),"Enterprise Plan") -> Enterprise Plan | E42: =IFERROR(__xludf.DUMMYFUNCTION("""COMPUTED_VALUE"""),"Carlos Mendez") -> Carlos Mendez | F42: =IFERROR(__xludf.DUMMYFUNCTION("""COMPUTED_VALUE"""),"Maya Rodriguez") -> Maya Rodriguez | G42: =IFERROR(__xludf.DUMMYFUNCTION("""COMPUTED_VALUE"""),"EMEA") -> EMEA | H42: =IFERROR(__xludf.DUMMYFUNCTION("""COMPUTED_VALUE"""),10.0) -> 10 | I42: =IFERROR(__xludf.DUMMYFUNCTION("""COMPUTED_VALUE"""),1330.75) -> 1330.75 | J42: =IFERROR(__xludf.DUMMYFUNCTION("""COMPUTED_VALUE"""),13307.5) -> 13307.5 | K42: =_xlfn.RANK.EQ(J42,$J$38:$J$47,0) -> 5
A43: =IFERROR(__xludf.DUMMYFUNCTION("""COMPUTED_VALUE"""),"D-1044") -> D-1044 | B43: =IFERROR(__xludf.DUMMYFUNCTION("""COMPUTED_VALUE"""),45697.0) -> 45697 | C43: =IFERROR(__xludf.DUMMYFUNCTION("""COMPUTED_VALUE"""),"Arcadia Inc") -> Arcadia Inc | D43: =IFERROR(__xludf.DUMMYFUNCTION("""COMPUTED_VALUE"""),"Enterprise Plan") -> Enterprise Plan | E43: =IFERROR(__xludf.DUMMYFUNCTION("""COMPUTED_VALUE"""),"Aisha Hassan") -> Aisha Hassan | F43: =IFERROR(__xludf.DUMMYFUNCTION("""COMPUTED_VALUE"""),"Sarah Chen") -> Sarah Chen | G43: =IFERROR(__xludf.DUMMYFUNCTION("""COMPUTED_VALUE"""),"APAC") -> APAC | H43: =IFERROR(__xludf.DUMMYFUNCTION("""COMPUTED_VALUE"""),10.0) -> 10 | I43: =IFERROR(__xludf.DUMMYFUNCTION("""COMPUTED_VALUE"""),1118.07) -> 1118.07 | J43: =IFERROR(__xludf.DUMMYFUNCTION("""COMPUTED_VALUE"""),11180.699999999999) -> 11180.7 | K43: =_xlfn.RANK.EQ(J43,$J$38:$J$47,0) -> 6
A44: =IFERROR(__xludf.DUMMYFUNCTION("""COMPUTED_VALUE"""),"D-1109") -> D-1109 | B44: =IFERROR(__xludf.DUMMYFUNCTION("""COMPUTED_VALUE"""),45674.0) -> 45674 | C44: =IFERROR(__xludf.DUMMYFUNCTION("""COMPUTED_VALUE"""),"Stellar Co") -> Stellar Co | D44: =IFERROR(__xludf.DUMMYFUNCTION("""COMPUTED_VALUE"""),"Pro Plan") -> Pro Plan | E44: =IFERROR(__xludf.DUMMYFUNCTION("""COMPUTED_VALUE"""),"Aisha Hassan") -> Aisha Hassan | F44: =IFERROR(__xludf.DUMMYFUNCTION("""COMPUTED_VALUE"""),"Sarah Chen") -> Sarah Chen | G44: =IFERROR(__xludf.DUMMYFUNCTION("""COMPUTED_VALUE"""),"North America") -> North America | H44: =IFERROR(__xludf.DUMMYFUNCTION("""COMPUTED_VALUE"""),50.0) -> 50 | I44: =IFERROR(__xludf.DUMMYFUNCTION("""COMPUTED_VALUE"""),214.71) -> 214.71 | J44: =IFERROR(__xludf.DUMMYFUNCTION("""COMPUTED_VALUE"""),10735.5) -> 10735.5 | K44: =_xlfn.RANK.EQ(J44,$J$38:$J$47,0) -> 7
A45: =IFERROR(__xludf.DUMMYFUNCTION("""COMPUTED_VALUE"""),"D-1168") -> D-1168 | B45: =IFERROR(__xludf.DUMMYFUNCTION("""COMPUTED_VALUE"""),45744.0) -> 45744 | C45: =IFERROR(__xludf.DUMMYFUNCTION("""COMPUTED_VALUE"""),"Iris Co") -> Iris Co | D45: =IFERROR(__xludf.DUMMYFUNCTION("""COMPUTED_VALUE"""),"Pro Plan") -> Pro Plan | E45: =IFERROR(__xludf.DUMMYFUNCTION("""COMPUTED_VALUE"""),"Nina Petrov") -> Nina Petrov | F45: =IFERROR(__xludf.DUMMYFUNCTION("""COMPUTED_VALUE"""),"Lukas Becker") -> Lukas Becker | G45: =IFERROR(__xludf.DUMMYFUNCTION("""COMPUTED_VALUE"""),"LATAM") -> LATAM | H45: =IFERROR(__xludf.DUMMYFUNCTION("""COMPUTED_VALUE"""),50.0) -> 50 | I45: =IFERROR(__xludf.DUMMYFUNCTION("""COMPUTED_VALUE"""),201.51) -> 201.51 | J45: =IFERROR(__xludf.DUMMYFUNCTION("""COMPUTED_VALUE"""),10075.5) -> 10075.5 | K45: =_xlfn.RANK.EQ(J45,$J$38:$J$47,0) -> 8
A46: =IFERROR(__xludf.DUMMYFUNCTION("""COMPUTED_VALUE"""),"D-1154") -> D-1154 | B46: =IFERROR(__xludf.DUMMYFUNCTION("""COMPUTED_VALUE"""),45707.0) -> 45707 | C46: =IFERROR(__xludf.DUMMYFUNCTION("""COMPUTED_VALUE"""),"Citadel Group") -> Citadel Group | D46: =IFERROR(__xludf.DUMMYFUNCTION("""COMPUTED_VALUE"""),"Enterprise Plan") -> Enterprise Plan | E46: =IFERROR(__xludf.DUMMYFUNCTION("""COMPUTED_VALUE"""),"Marcus Johnson") -> Marcus Johnson | F46: =IFERROR(__xludf.DUMMYFUNCTION("""COMPUTED_VALUE"""),"Sarah Chen") -> Sarah Chen | G46: =IFERROR(__xludf.DUMMYFUNCTION("""COMPUTED_VALUE"""),"APAC") -> APAC | H46: =IFERROR(__xludf.DUMMYFUNCTION("""COMPUTED_VALUE"""),10.0) -> 10 | I46: =IFERROR(__xludf.DUMMYFUNCTION("""COMPUTED_VALUE"""),987.06) -> 987.06 | J46: =IFERROR(__xludf.DUMMYFUNCTION("""COMPUTED_VALUE"""),9870.599999999999) -> 9870.6 | K46: =_xlfn.RANK.EQ(J46,$J$38:$J$47,0) -> 9
A47: =IFERROR(__xludf.DUMMYFUNCTION("""COMPUTED_VALUE"""),"D-1093") -> D-1093 | B47: =IFERROR(__xludf.DUMMYFUNCTION("""COMPUTED_VALUE"""),45684.0) -> 45684 | C47: =IFERROR(__xludf.DUMMYFUNCTION("""COMPUTED_VALUE"""),"Obsidian Co") -> Obsidian Co | D47: =IFERROR(__xludf.DUMMYFUNCTION("""COMPUTED_VALUE"""),"Business Plan") -> Business Plan | E47: =IFERROR(__xludf.DUMMYFUNCTION("""COMPUTED_VALUE"""),"Elena Rossi") -> Elena Rossi | F47: =IFERROR(__xludf.DUMMYFUNCTION("""COMPUTED_VALUE"""),"Lukas Becker") -> Lukas Becker | G47: =IFERROR(__xludf.DUMMYFUNCTION("""COMPUTED_VALUE"""),"APAC") -> APAC | H47: =IFERROR(__xludf.DUMMYFUNCTION("""COMPUTED_VALUE"""),20.0) -> 20 | I47: =IFERROR(__xludf.DUMMYFUNCTION("""COMPUTED_VALUE"""),487.09) -> 487.09 | J47: =IFERROR(__xludf.DUMMYFUNCTION("""COMPUTED_VALUE"""),9741.8) -> 9741.8 | K47: =_xlfn.RANK.EQ(J47,$J$38:$J$47,0) -> 10
I48: Summe | J48: =SUM(J38:J47) -> 179294.8

Sheet Diagramme
A1: Liniendiagramm (Monat x Total Revenue) | E1: Hilfstabelle für Boxplot – Umsatz nach Manager
E3: Manager | F3: Minimum | G3: Q1 | H3: Q3 | I3: Maximum | J3: Median | K3: IQR (Box) | L3: Whisker nach Oben (Max-Q3) | M3: Whisker nach Unten (Q1-Min)
E4: =IFERROR(__xludf.DUMMYFUNCTION("SORT(UNIQUE(FILTER('Geschäfte'!F4:F253,'Geschäfte'!F4:F253<>"""")))"),"Lukas Becker") -> Lukas Becker | F4: =IFERROR(__xludf.DUMMYFUNCTION("MIN(FILTER('Geschäfte'!$J$4:$J$253,'Geschäfte'!$F$4:$F$253=E4))"),46.97) -> 46.97 | G4: =IFERROR(__xludf.DUMMYFUNCTION("QUARTILE(FILTER('Geschäfte'!$J$4:$J$253,'Geschäfte'!$F$4:$F$253=E4),1)"),128.38) -> 128.38 | H4: =IFERROR(__xludf.DUMMYFUNCTION("QUARTILE(FILTER('Geschäfte'!$J$4:$J$253,'Geschäfte'!$F$4:$F$253=E4),3)"),1082.795) -> 1082.795 | I4: =IFERROR(__xludf.DUMMYFUNCTION("MAX(FILTER('Geschäfte'!$J$4:$J$253,'Geschäfte'!$F$4:$F$253=E4))"),46616.0) -> 46616 | J4: =IFERROR(__xludf.DUMMYFUNCTION("MEDIAN(FILTER('Geschäfte'!$J$4:$J$253,'Geschäfte'!$F$4:$F$253=E4))"),276.18) -> 276.18 | K4: =H4-G4 -> 954.415 | L4: =I4-H4 -> 45533.205 | M4: =G4-F4 -> 81.41
E5: =IFERROR(__xludf.DUMMYFUNCTION("""COMPUTED_VALUE"""),"Maya Rodriguez") -> Maya Rodriguez | F5: =IFERROR(__xludf.DUMMYFUNCTION("MIN(FILTER('Geschäfte'!$J$4:$J$253,'Geschäfte'!$F$4:$F$253=E5))"),45.33) -> 45.33 | G5: =IFERROR(__xludf.DUMMYFUNCTION("QUARTILE(FILTER('Geschäfte'!$J$4:$J$253,'Geschäfte'!$F$4:$F$253=E5),1)"),114.94) -> 114.94 | H5: =IFERROR(__xludf.DUMMYFUNCTION("QUARTILE(FILTER('Geschäfte'!$J$4:$J$253,'Geschäfte'!$F$4:$F$253=E5),3)"),958.86) -> 958.86 | I5: =IFERROR(__xludf.DUMMYFUNCTION("MAX(FILTER('Geschäfte'!$J$4:$J$253,'Geschäfte'!$F$4:$F$253=E5))"),13307.5) -> 13307.5 | J5: =IFERROR(__xludf.DUMMYFUNCTION("MEDIAN(FILTER('Geschäfte'!$J$4:$J$253,'Geschäfte'!$F$4:$F$253=E5))"),285.02) -> 285.02 | K5: =H5-G5 -> 843.92 | L5: =I5-H5 -> 12348.64 | M5: =G5-F5 -> 69.61
E6: =IFERROR(__xludf.DUMMYFUNCTION("""COMPUTED_VALUE"""),"Owen Walsh") -> Owen Walsh | F6: =IFERROR(__xludf.DUMMYFUNCTION("MIN(FILTER('Geschäfte'!$J$4:$J$253,'Geschäfte'!$F$4:$F$253=E6))"),41.17) -> 41.17 | G6: =IFERROR(__xludf.DUMMYFUNCTION("QUARTILE(FILTER('Geschäfte'!$J$4:$J$253,'Geschäfte'!$F$4:$F$253=E6),1)"),101.6625) -> 101.6625 | H6: =IFERROR(__xludf.DUMMYFUNCTION("QUARTILE(FILTER('Geschäfte'!$J$4:$J$253,'Geschäfte'!$F$4:$F$253=E6),3)"),1939.5875) -> 1939.5875 | I6: =IFERROR(__xludf.DUMMYFUNCTION("MAX(FILTER('Geschäfte'!$J$4:$J$253,'Geschäfte'!$F$4:$F$253=E6))"),7365.2) -> 7365.2 | J6: =IFERROR(__xludf.DUMMYFUNCTION("MEDIAN(FILTER('Geschäfte'!$J$4:$J$253,'Geschäfte'!$F$4:$F$253=E6))"),369.52) -> 369.52 | K6: =H6-G6 -> 1837.925 | L6: =I6-H6 -> 5425.6125 | M6: =G6-F6 -> 60.4925
E7: =IFERROR(__xludf.DUMMYFUNCTION("""COMPUTED_VALUE"""),"Sarah Chen") -> Sarah Chen | F7: =IFERROR(__xludf.DUMMYFUNCTION("MIN(FILTER('Geschäfte'!$J$4:$J$253,'Geschäfte'!$F$4:$F$253=E7))"),46.99) -> 46.99 | G7: =IFERROR(__xludf.DUMMYFUNCTION("QUARTILE(FILTER('Geschäfte'!$J$4:$J$253,'Geschäfte'!$F$4:$F$253=E7),1)"),194.4575) -> 194.4575 | H7: =IFERROR(__xludf.DUMMYFUNCTION("QUARTILE(FILTER('Geschäfte'!$J$4:$J$253,'Geschäfte'!$F$4:$F$253=E7),3)"),957.76) -> 957.76 | I7: =IFERROR(__xludf.DUMMYFUNCTION("MAX(FILTER('Geschäfte'!$J$4:$J$253,'Geschäfte'!$F$4:$F$253=E7))"),24064.6) -> 24064.6 | J7: =IFERROR(__xludf.DUMMYFUNCTION("MEDIAN(FILTER('Geschäfte'!$J$4:$J$253,'Geschäfte'!$F$4:$F$253=E7))"),427.28999999999996) -> 427.29 | K7: =H7-G7 -> 763.3025 | L7: =I7-H7 -> 23106.84 | M7: =G7-F7 -> 147.4675
A27: Balkendiagramm (Sales Rep x Total Revenue)
A53: Histogramm (alle 250 Transaktionen Werte)
A78: Streudiagramm (Unit x Unit Preis)
D85: Trendlinie Bedeutung;
D86: Steigt nach rechts an ↗: Bei höherer Stückzahl steigt tendenziell der Stückpreis.?
D87: Fällt nach rechts ab ↘: Bei höherer Stückzahl sinkt tendenziell der Stückpreis.?
D88: Fast waagerecht →: Kaum Zusammenhang zwischen Stückzahl und Stückpreis.?

Sheet README
A3: Registerkarte | B3: Beschreibung
A4: peakflow_q1_2025_dirty (Rohdaten) | B4: Diese Arbeitsmappe enthält die Analyse der PeakFlow-Geschäftsdaten für das erste Quartal 2025. Die Originaldaten wurden unverändert aufbewahrt.
A5: Geschäfte (Gefundene Datenfehler) | B5: die Registerkarte "Geschäfte" ist der bereinigte Datensatz Gefundene Datenfehler: Ausgangsdaten: 254 Zeilen Entfernt: 2 Testdatensätze; D-TEST1, Zeile 51; D-TEST2, Zeile 141 Entfernt: 2 vollständige Duplikate DealID; D-1232; D-1020 Schreibweisen bei; Kategorien vereinheitlicht: BUSINESS PLAN → Business Plan add-on: support → Add-on: Support Starter plan → Starter Plan Enterprise plan → Enterprise Plan Regionen vereinheitlicht: latam → LATAM emea → EMEA north america und NORTH AMERICA → North America Umsatzwerte in echte Zahlen umgewandelt (punkte zu Komma) Bereinigtes Ergebnis: 250 Geschäfte und 364.634,55 $ die Funktion GROSS nur für Apac, Emea und Latam werden mit den Ergebnisse APAC, EMEA, LATAM die Funktion GROSS2 nur für North America. Zusätzlich wurden GLÄTTEN und SÄUBERN verwendet.
A6: Zusammenfassung | B6: Hauptkennzahlen; Insgesamt wurden 250 Geschäfte mit einem Gesamtumsatz von 364.634,55 $ abgeschlossen. Die Dealgrößen sind deutlich rechtsschief verteilt: Wenige sehr große Geschäfte erhöhen den Durchschnitt auf 1.458,54 $, während der Median von 386,76 $ zeigt, dass die meisten Deals deutlich kleiner sind. Monat; Der Umsatz erreichte im Januar 186.600 $, fiel im Februar stark und erholte sich im März nur leicht. Der Q1-Umsatz fiel nach einem außergewöhnlich starken Januar deutlich ab. Region; APAC erzielte mit 120.025 $ den höchsten regionalen Umsatz, während North America trotz gleich vieler Geschäfte deutlich weniger Umsatz erwirtschaftete. Kategorie;$ Enterprise Plans machten nur 23 von 250 Geschäften aus, erzeugten aber rund 46,9 % des gesamten Umsatzes.
A7: Pivot-Tabellen | B7: Vertriebsmitarbeiter x Kategorie; Marcus Johnson ist besonders stark beim Enterprise Plan und Business Plan. Aisha Hassan führt beim Pro Plan. Sophie Laurent ist stark beim Starter Plan und Add-On: Support. Hannah Lee erzielt den höchsten Umsatz bei Add-On: Analytics. Vertriebsmitarbeiter x Region Marcus Johnson ist besonders stark, weil er in zwei Regionen – LATAM und EMEA – den höchsten Umsatz erzielt. Insgesamt hat Marcus Johnson mit 78.951,97 $ auch den höchsten Gesamtumsatz. Nina Petrov führt in APAC. Aisha Hassan in North America.
A8: Top Performer | B8: Meiste abgeschlossene Geschäfte; Marcus Johnson schloss mit 37 Geschäften die meisten Deals ab. Größte durchschnittliche Geschäfte; Nina Petrov erzielte mit durchschnittlich 2.944,31 $ die größten Deals. Die zehn größten Einzelgeschäfte; Marcus Johnson ist mit drei der zehn größten Einzelgeschäfte am häufigsten vertreten und zeigt damit eine konstant starke Leistung. Nina Petrov erzielt mit zwei Geschäften den höchsten Gesamtumsatz von rund 56.692 $, vor allem durch den größten Einzelabschluss mit Nova Inc.
A9: Diagramme | B9: Liniendiagramm; Der Umsatz fiel nach einem außergewöhnlich starken Januar deutlich ab Balkendiagramm; Marcus Johnson erzielte im ersten Quartal den höchsten Gesamtumsatz. Histogramm; Die meisten Geschäfte waren klein, wenige große Deals erhöhten den Durchschnitt Streudiagramm; Zwischen Stückzahl und Stückpreis besteht kaum ein linearer Zusammenhang Boxplot; Lukas Becker weist aufgrund eines außergewöhnlich großen Geschäfts die größte Spannweite auf.
